0, 0.007133248, 0.003747135, 0.0034464097, 0.009517824, 0.0036065334, 0.007921185, 0.0041013476
1, 0.006223865, 5.804103E-4, 5.6967576E-4, 0.008850083, 0.003269921, 3.7322243E-4, 0.0011008179
2, 0.0051101227, 0.008973722, 0.0013274436, 0.00922496, 0.0050817304, 0.004631279, 0.0069321943
3, 0.0033384752, 6.884325E-4, 0.0078449305, 0.0069437553, 0.0035653315, 0.0012310075, 0.007275578
4, 0.0039687366, 0.002776954, 0.0032010586, 0.00269149, 0.0053905775, 0.0075926455, 0.008272545
5, 0.009273926, 0.0097485725, 0.0053569586, 0.00987441, 5.402576E-4, 0.00871963, 0.0023970606
6, 9.4469957E-4, 0.009958117, 7.06479E-4, 0.0034822721, 0.0054763565, 0.007349525, 0.009702081
7, 0.002339602, 0.004287109, 0.0025218092, 0.00357848, 0.008323232, 0.0010806584, 0.0052125542
8, 0.009239374, 0.0048925662, 0.008313636, 0.007398674, 0.008179189, 0.0014225751, 0.0036425523
9, 0.0012951168, 0.0049074637, 0.001051824, 0.006797241, 0.0039565926, 0.0024258473, 0.0037677123
10, 0.0036120575, 0.007296104, 0.003486056, 0.005735081, 0.008643359, 5.4695015E-4, 0.0037106348
11, 0.0029934982, 3.115643E-4, 7.2027347E-4, 0.0028243787, 8.016941E-5, 0.0028283417, 0.005448095
12, 0.003222807, 0.0018795534, 0.007304266, 0.0017521895, 8.950726E-4, 5.7420308E-5, 3.7952053E-4
13, 0.0037420283, 0.0023222256, 0.0038062073, 0.0024800024, 0.0020204238, 0.0023877528, 0.008310191
14, 0.009373464, 0.0076633813, 0.0025658396, 0.003333121, 8.506411E-5, 0.0040410766, 0.005693805
15, 0.008637601, 0.0014289845, 4.5974625E-4, 0.0034886887, 0.0025646538, 0.00442254, 0.0026296836
16, 0.005633979, 0.0050335396, 6.714533E-4, 0.006302421, 0.00474098, 0.006466034, 0.0074497513
17, 0.002070564, 0.0097803455, 0.009696021, 0.008645, 0.001286635, 0.0016828096, 0.0027943982
18, 0.004999348, 0.0053326846, 0.00872417, 0.006920922, 0.0011491434, 0.0030603078, 0.0060380874
19, 0.0048087644, 0.008850618, 0.00412109, 0.0031412817, 0.0022942019, 0.0054764287, 0.00912042
20, 0.00570923, 0.007422992, 0.0043775905, 0.0010529666, 0.003006477, 0.009096627, 0.009027623
21, 0.006316039, 3.5417953E-4, 0.009965804, 0.006000469, 0.0077474066, 0.006808546, 0.006335096
22, 0.002781041, 0.006597082, 0.0018273158, 0.0012119242, 0.005166986, 0.005117928, 0.0011174646
23, 0.00531461, 0.005592557, 0.0065478617, 0.0010858243, 0.004848392, 0.008090215, 0.004656815
24, 0.0033553243, 0.004164952, 0.007802869, 7.4448733E-4, 0.0056630787, 0.006040129, 0.002969426
25, 0.002000345, 0.0031225584, 0.0022361449, 0.0051285764, 0.0014751806, 0.0043106014, 0.0022588007
26, 0.008920526, 0.0065639606, 0.009931031, 0.008776745, 0.0063136294, 0.00986257, 0.007910169
27, 0.004039056, 0.0013426623, 0.0035364493, 0.0076955454, 0.0028090323, 5.177255E-4, 0.0059270235
28, 0.008257619, 0.0038261912, 9.4754546E-4, 0.007022196, 0.008835343, 0.003615169, 0.0029181985
29, 0.0076300856, 0.008819925, 0.0035793066, 0.006178051, 0.0056205685, 0.0033371428, 0.0037483752
30, 0.009501976, 0.0014370772, 0.0040670983, 0.004294026, 0.0012426695, 0.0042315004, 6.3129887E-4
31, 0.008983196, 0.00452416, 0.009437924, 0.0064804857, 0.0031088258, 0.0044923625, 0.00837633
32, 0.0046326257, 0.0021189158, 0.0066098003, 5.652781E-4, 0.002839017, 0.0061590485, 0.0043663867
33, 0.0098229665, 0.00479746, 5.018732E-5, 0.0019754113, 0.0059489845, 0.0038849707, 0.007842662
34, 0.002633654, 0.004804429, 0.008548521, 0.006018932, 0.0057468107, 9.4597193E-4, 0.003970819
35, 0.009661819, 0.0071561807, 0.008619847, 0.0029191326, 0.0014615791, 0.0048498283, 0.008884613
36, 0.009788714, 0.00430429, 0.008901201, 0.0029069532, 0.005768362, 0.0043657026, 0.008450456
37, 0.004062631, 0.009784182, 0.0031288203, 4.284954E-4, 0.0043751635, 0.009418653, 0.0035501223
38, 0.0044209994, 0.0040376047, 0.008355572, 0.0077184895, 0.005579499, 0.006288277, 0.002067501
39, 7.8252767E-4, 0.0028087883, 0.003749138, 0.001440851, 0.008666119, 0.0025947632, 0.0064858817
40, 0.004824738, 0.0051486883, 0.009784019, 0.006511763, 0.0025932775, 0.0072557973, 0.0053863153
41, 0.008232514, 0.0047269943, 0.0065873167, 0.008043282, 0.009417626, 0.0011475341, 0.008204594
42, 1.914948E-4, 0.0026836444, 0.0065808925, 0.008004637, 0.00214534, 0.003188031, 0.006577876
43, 0.0041285087, 0.0073348163, 0.004257536, 0.00898654, 0.007882738, 0.009755724, 0.009012892
44, 0.0056498586, 0.004896729, 3.2443294E-4, 0.0027020671, 0.0023928855, 0.0077957483, 0.0022766977
45, 0.0074171736, 0.0014672085, 0.0075382544, 0.00700975, 0.008145545, 0.009536487, 0.0017479284
46, 8.3916646E-4, 0.006693359, 0.006015393, 0.004864957, 2.6767166E-5, 0.007920601, 0.0011152837
47, 0.00674771, 0.006133086, 9.390314E-4, 3.034646E-4, 0.0034751287, 0.0062576924, 0.00645022
48, 0.002048896, 0.006531769, 0.0030529331, 2.3861231E-4, 0.008705727, 0.004301585, 0.0075314115
49, 0.0019849557, 0.006177051, 0.002853179, 0.0036348032, 0.008028332, 0.0066047963, 0.0013683896
50, 0.0072913556, 0.0064804195, 0.009747672, 0.0012477199, 0.0042616976, 0.003183492, 0.0029376172
51, 0.0069202604, 4.5734522E-4, 0.007404079, 0.0065462077, 6.923946E-4, 0.005613558, 0.0068670693
52, 0.0017459935, 0.003588714, 0.006207961, 0.0027604469, 1.7757517E-5, 0.00907022, 0.0063386196
53, 0.0066787507, 0.009333198, 0.0067590196, 0.0059100147, 0.0031237109, 2.3355595E-4, 0.0088553615
54, 0.003922636, 0.0031434337, 0.006128224, 0.0028020204, 9.2167244E-4, 0.0069668787, 0.006053384
55, 0.009932651, 0.008732545, 0.0060782717, 0.004859245, 0.0013348847, 0.0074958005, 0.008076488
56, 0.0053354623, 0.00896559, 0.009711134, 8.77321E-4, 0.0091378335, 0.002174851, 0.008510093
57, 0.006341956, 0.008545391, 0.007226855, 0.0026992687, 0.007252852, 0.009055515, 1.5002934E-4
58, 0.0042505437, 0.0057086195, 0.0036157083, 0.0013054041, 0.00486225, 0.00547239, 0.0028942106
59, 0.0034313183, 0.0069748247, 0.0055835396, 0.0024076065, 0.0036042263, 0.0011968565, 0.0076305447
60, 0.006552135, 0.0035495062, 0.006482137, 0.004483121, 0.0016264005, 0.0020428062, 0.0015956407
61, 0.0039946907, 0.004786711, 0.0077616125, 0.006416089, 0.007211623, 0.003542283, 8.7835937E-4
62, 0.009445036, 0.0069635673, 8.7606296E-4, 0.0069305366, 0.003527176, 0.00935961, 0.0043679434
63, 0.007059909, 0.005233841, 0.0076778512, 0.00380065, 0.004582074, 0.004621411, 0.005411414
64, 6.446091E-4, 0.009029258, 0.0011486436, 0.0028217712, 0.0045466064, 0.0053033624, 0.008421678
65, 0.009250669, 0.006488074, 0.0073829275, 0.005132743, 0.0016548273, 0.005632349, 0.0031468244
66, 0.002068367, 0.008352974, 0.007046272, 0.009309113, 0.0053851386, 0.0058126715, 4.6000673E-4
67, 0.0032036602, 0.0044858553, 0.0054547647, 0.006019963, 0.0012137356, 0.008776141, 0.0069162175
68, 0.0015932528, 0.0020109643, 0.001341393, 0.0039874245, 0.007598089, 0.0064496347, 0.009156176
69, 0.009528043, 0.009563081, 0.004956518, 0.00882296, 0.006065736, 0.0056593716, 0.0075629805
70, 0.004034336, 0.009495137, 0.0063031055, 0.0013453299, 0.0059626554, 0.0043197065, 0.005591699
71, 0.0049709543, 6.032465E-4, 2.1707562E-4, 0.009815933, 2.919766E-4, 0.0077321827, 0.0013588393
72, 0.0065808785, 0.0064847674, 0.0045868065, 0.0018786576, 0.009172187, 0.0031028157, 0.0036369876
73, 0.0031579174, 0.004720314, 0.004592084, 0.007887372, 0.001186096, 0.0014437222, 3.121292E-4
74, 0.009035622, 0.0051533575, 0.009793161, 9.128983E-4, 0.0035089354, 0.001645804, 0.0046726177
75, 0.0040362566, 0.008910883, 0.0023391964, 0.0010785409, 0.009742943, 0.008732871, 0.006924846
76, 0.0034774933, 0.008809788, 0.0063193077, 0.0071517746, 3.3349726E-5, 0.0050986786, 2.280849E-5
77, 0.0023321216, 0.0063987183, 0.0065678726, 2.455586E-4, 0.0014321808, 2.0125776E-4, 0.00817794
78, 0.0056351856, 0.0019593302, 0.0065840757, 0.0039387103, 8.8295674E-5, 0.0012555108, 0.00720043
79, 0.004650285, 0.004412066, 0.0015207996, 0.009916441, 0.002510281, 0.0065040705, 0.005916021
80, 0.0041415556, 0.0036911273, 0.0017327606, 0.00943122, 0.007185039, 0.0052353875, 8.3581766E-4
81, 0.0048572165, 3.2772566E-4, 0.0031736968, 0.006100825, 0.001160359, 0.00940185, 0.0046390616
82, 0.007852504, 0.008835959, 0.0035877454, 0.007932908, 0.0023430015, 0.0044038217, 0.007864712
83, 9.923993E-4, 0.009026498, 0.004109636, 0.009094425, 5.151854E-4, 0.0098966565, 0.0051089036
84, 0.003068687, 0.0011168949, 0.006075217, 9.354712E-4, 1.9420973E-5, 0.006328312, 0.0071622827
85, 0.006894615, 0.009067267, 9.833253E-4, 0.006993629, 1.7102747E-4, 0.007876186, 0.007605372
86, 0.005397631, 0.008904933, 0.0023849674, 0.0077692554, 0.00930415, 0.0042649694, 0.0029025918
87, 0.0030968322, 0.008130023, 0.009634339, 0.007082865, 0.009539224, 0.0077505177, 0.0014271484
88, 0.007334792, 0.0029048452, 0.0045634247, 0.0067647174, 7.86697E-5, 0.0032116708, 0.006162197
89, 0.004267069, 0.0069238744, 3.7382162E-4, 0.007956822, 0.005552655, 0.0033228602, 0.003976672
90, 0.0057158796, 0.0066898037, 0.0085468795, 0.0054513398, 0.0024504873, 8.062363E-4, 0.0019324697
91, 0.0018285422, 0.00432064, 0.0053384164, 0.004263744, 0.0064334576, 0.004316664, 0.0099903615
92, 0.009884073, 0.0033773663, 0.004353312, 0.004371955, 0.004671721, 0.009508481, 0.0061112735
93, 0.007499679, 0.007367541, 0.009603527, 0.008470646, 0.004868081, 0.0069088554, 0.008013264
94, 0.004703171, 0.0026381777, 0.006402123, 0.0027192878, 0.0057248157, 0.0026393924, 0.00515807
95, 0.0058160885, 0.0066575347, 0.006344507, 0.0038164211, 0.0078014876, 0.002708825, 7.525081E-4
96, 0.004003419, 0.0017401988, 0.006949938, 0.004202089, 0.0031938206, 0.007359429, 0.0069583906
97, 0.00553897, 0.00749008, 0.004442045, 0.009487677, 0.00577308, 0.009884935, 0.0095019955
98, 0.0023368532, 0.007387035, 0.009239645, 0.009658301, 4.1491337E-4, 0.0027952518, 0.005688628
99, 0.002868084, 0.008629685, 1.0340498E-4, 0.0014722698, 0.0042357245, 0.0076781814, 0.0012808446
100, 0.0023031852, 4.0678554, 7.515528E-5, 0.0051339716, 0.0032872465, 0.0038579048, 3.9200323
101, 0.005056464, 3.901335, 0.0052147, 5.7712296E-5, 0.0094326325, 0.0010535627, 3.9289067
102, 0.0035390772, 3.9245455, 0.0016656044, 0.003964482, 0.0016906521, 0.008267238, 4.0065603
103, 0.005206411, 4.00624, 0.0069951955, 6.8085437E-4, 0.0063052927, 0.006514628, 3.9741561
104, 0.008690384, 3.9537234, 0.003333495, 0.0021982237, 0.0019600666, 6.826105E-4, 3.930204
105, 0.006393569, 4.0634446, 0.0011806237, 0.00802979, 0.009563183, 0.007530441, 3.9295306
106, 0.003349571, 4.039675, 0.007248824, 0.004205027, 1.6126597E-4, 0.008257727, 3.9240506
107, 0.0018435387, 4.097232, 0.004350285, 0.0017713276, 0.007800652, 0.009075247, 4.020667
108, 0.0066738264, 3.925064, 0.0020265663, 6.9067806E-5, 0.0044458546, 0.0033507603, 3.9020574
109, 0.003542513, 3.9518619, 0.007407706, 0.0049433876, 0.005579613, 0.004531783, 4.061201
110, 0.008931914, 3.9408789, 6.927744E-4, 0.0062790494, 0.0030764893, 0.0033363553, 3.9789119
111, 0.0026129137, 3.9779315, 0.008745963, 0.0054212376, 0.008234126, 0.004825422, 3.9228983
112, 0.0018817579, 4.0511246, 0.008163505, 0.004041293, 9.4075716E-4, 0.0036340612, 4.0262623
113, 0.004083408, 4.030367, 0.001739352, 0.005543034, 0.007163487, 0.0028979534, 4.0451016
114, 0.009072199, 4.069465, 0.009563078, 0.005341886, 0.005742548, 0.0071823164, 4.08669
115, 0.0067305253, 3.9300342, 0.0012095469, 0.002160962, 2.7719437E-4, 0.006350301, 4.050772
116, 9.0108166E-4, 3.989429, 0.007099795, 6.0386345E-4, 0.008395352, 0.0029862812, 4.0127163
117, 0.0057104602, 4.09996, 0.009067069, 0.007360372, 0.008594583, 0.005730128, 3.9902813
118, 0.004651207, 3.9139924, 0.006078041, 0.0056999265, 0.0043587554, 0.004233135, 3.9440491
119, 0.0043224157, 3.9540741, 0.0019220415, 7.454874E-4, 0.008684538, 0.005054074, 3.9205613
120, 0.0024632292, 4.027634, 0.0023090243, 0.0023095729, 0.0012672421, 0.0063253674, 4.079291
121, 0.0088806925, 3.9898696, 0.0069295927, 0.005504978, 0.004400555, 0.007870127, 3.938561
122, 0.0010810108, 3.9807866, 0.0046357415, 0.008614613, 0.0068027223, 4.0022557E-4, 4.038608
123, 0.0020970162, 3.9431746, 0.00516663, 0.009016286, 0.005311462, 0.005711794, 3.9447238
124, 6.0529675E-4, 3.9625616, 0.009551938, 0.0064155357, 0.0015563383, 0.004194707, 3.904744
125, 2.0647766E-4, 3.908209, 4.5337607E-4, 0.002189987, 0.0032799968, 0.003994618, 3.9130294
126, 0.0058941813, 3.9353771, 0.005604697, 0.002573413, 0.007901968, 3.698519E-5, 3.9276836
127, 0.0042728516, 3.9423056, 0.0016042202, 0.0013545337, 7.545581E-5, 0.0021732554, 4.015781
128, 0.002726054, 4.0604944, 0.005154383, 0.0037321995, 0.004548317, 0.0071972716, 4.0928245
129, 0.008488524, 3.9731915, 0.005830911, 0.009590863, 0.004842062, 0.0028233558, 4.0986505
130, 0.0015585191, 3.9254458, 4.461868E-4, 0.0023922103, 4.2697982E-4, 5.580298E-4, 3.9963415
131, 0.0069912826, 3.9468648, 0.0034836484, 0.006992958, 1.4432645E-4, 0.006840678, 4.0575347
132, 0.008434966, 3.9149125, 0.0012405224, 0.0032689527, 0.0024827372, 0.009653023, 4.010424
133, 0.0047488995, 4.013187, 0.009902504, 0.008395395, 0.003481178, 0.006357205, 4.0446396
134, 0.0051625287, 3.9710898, 0.0074647833, 0.0025076903, 0.0024255204, 0.006508592, 4.024117
135, 0.008750607, 4.089907, 0.009107029, 0.0033070894, 0.009252426, 0.0015517378, 4.066198
136, 0.0077583683, 4.0461497, 0.0035899642, 0.00960229, 0.0038408248, 0.009674099, 4.034681
137, 0.009274022, 3.9975426, 0.008963749, 0.0028502936, 0.005668288, 0.00416514, 3.9456408
138, 0.0028765993, 3.9396396, 0.0013996827, 0.005999946, 0.0055902805, 0.00747098, 3.9649427
139, 8.9197455E-4, 4.0690975, 0.0057711476, 0.007747728, 0.005853185, 0.007196738, 3.9595056
140, 0.009620464, 0.0076431893, 0.0052972035, 0.0034178938, 0.0011139538, 2.8393365E-4, 0.004409067
141, 0.0025154643, 0.009586008, 0.0026651009, 0.006244492, 0.0010904468, 0.003530482, 0.0047189402
142, 0.0080421185, 0.0032586688, 0.0036729355, 0.0042546643, 0.008111702, 0.008970386, 0.0068907216
143, 8.4920536E-4, 0.00657881, 0.005493667, 0.001304949, 0.0028102656, 0.003783483, 0.0067297365
144, 0.003557821, 0.008159225, 0.0016090553, 0.0013908711, 0.004767352, 8.256264E-4, 0.0036520786
145, 0.0027218, 0.009942482, 0.008801577, 0.008591565, 0.0044084825, 0.0067451242, 0.0018735784
146, 0.007375532, 0.009593504, 0.0034016974, 0.0027308979, 0.008915094, 0.0025052405, 0.0022952086
147, 0.006743768, 8.6111086E-4, 0.0051083155, 0.0053099724, 0.0025113293, 0.0017356818, 0.0043957746
148, 0.009354561, 0.0073983558, 0.0082005095, 0.009468793, 0.0056545963, 0.009711485, 0.006566464
149, 0.0013876164, 0.004385528, 0.0019097669, 7.8340305E-4, 0.0029278304, 0.0070065204, 0.00730101
150, 9.66031E-5, 0.009838944, 0.0022601257, 0.0060445657, 0.008315899, 0.009977662, 0.008218415
151, 0.0049627763, 0.0032159095, 0.0017761146, 0.0019847571, 0.009657509, 0.008970473, 0.008905692
152, 7.0145435E-4, 0.006734806, 0.006721718, 0.0037100494, 0.0023669587, 0.008559837, 0.008393917
153, 0.008006199, 0.0026324058, 0.0028959617, 0.0066845706, 0.0061905347, 0.004225722, 0.005025882
154, 0.009799906, 0.0022369968, 0.008942575, 5.094705E-4, 0.0029492816, 0.009137498, 0.008246955
155, 0.0026020294, 0.009872698, 0.006610098, 0.007440179, 0.009538353, 0.0067479364, 4.8832863E-4
156, 8.565113E-5, 0.0033821256, 0.0077085714, 0.0051054484, 0.003917696, 0.003946814, 0.0059013944
157, 0.008200295, 0.006816321, 0.008413366, 0.0065215374, 0.0063968017, 0.0015957718, 0.009701653
158, 0.008585855, 0.008147133, 0.0013332561, 0.004396748, 3.3989715E-4, 1.7878119E-4, 0.0027552338
159, 0.0040877657, 0.0091410475, 0.0029488571, 0.0038021842, 0.0023461329, 4.2020687E-4, 3.842072E-4
160, 0.002908775, 0.0032517929, 0.0018966125, 0.009273863, 0.0017648763, 0.006369999, 0.008605213
161, 0.0040807435, 3.6387655E-4, 0.0073879836, 0.0014932287, 0.0036523873, 0.002998273, 0.003239931
162, 0.007352321, 0.007335928, 0.006528527, 0.0054803304, 6.7506323E-4, 0.009340371, 0.0077296877
163, 0.0059099146, 0.008659153, 0.0018396477, 0.0048113023, 0.004015041, 0.009030087, 0.009272813
164, 0.009309653, 0.0066505033, 0.0066127735, 0.008573126, 0.008467368, 0.0065774126, 0.008654837
165, 0.0026456597, 0.004943972, 0.007961914, 7.891205E-4, 0.0073134773, 2.4196689E-4, 0.0037471645
166, 0.00522017, 0.0051652887, 5.8653107E-4, 0.0019301145, 2.2923312E-4, 0.0032629003, 0.009162956
167, 0.0052062985, 0.0054145944, 0.005504672, 0.0065944493, 0.0011899685, 2.1881406E-4, 0.0045915614
168, 0.0023339505, 0.0084735425, 0.004241712, 0.0030052543, 0.0032471141, 0.0071594976, 0.0065977033
169, 0.007183243, 0.0020796459, 0.0011794477, 0.008148358, 0.00416363, 0.007730673, 0.0037093253
170, 0.004825821, 0.0053728083, 0.0012948692, 0.006296192, 0.002459992, 0.007942066, 0.0066895415
171, 0.006931362, 0.0035321426, 0.009964553, 0.0023489334, 0.0022361653, 0.0040998952, 0.0024419434
172, 9.464887E-4, 0.0041707996, 0.0047732685, 0.0073205023, 0.0073968484, 0.0022333863, 0.003068753
173, 0.007979179, 0.0014928686, 0.007985466, 0.0057281503, 0.005807716, 4.489577E-4, 0.009921818
174, 0.008661169, 0.0041006785, 0.008350551, 0.003196624, 0.009055539, 0.008393666, 0.004050558
175, 5.2465126E-4, 0.008895681, 5.809026E-4, 0.0064071217, 0.007695248, 0.0016407119, 0.0026787464
176, 0.0059230686, 0.009568605, 0.0041348487, 0.0049375896, 0.0048259106, 1.6786654E-4, 0.0039580483
177, 0.0021549808, 0.00341831, 0.0035373187, 0.008371951, 0.0015057111, 0.00913241, 4.0602134E-4
178, 0.0047760084, 0.004979988, 0.006137456, 0.009377894, 0.00416089, 0.009608714, 0.0075786537
179, 3.6340381E-4, 0.008431085, 0.009055271, 0.00956622, 0.0022746446, 0.00966583, 8.6611876E-4
180, 0.005887102, 0.006624737, 0.004397288, 0.0046978844, 0.0050778426, 0.0036041234, 0.008807165
181, 0.008176528, 0.0069756154, 0.0074504633, 0.0013777168, 0.008694554, 0.0041554314, 0.0034854875
182, 0.007980348, 0.0014151188, 0.0047650645, 6.1299914E-5, 6.448003E-4, 0.0060273022, 0.0071852366
183, 0.00484026, 0.0053241677, 0.007384667, 0.0036711455, 0.0063267243, 0.0058557494, 0.008059646
184, 0.009672398, 0.008375554, 0.0010150255, 0.004059183, 0.007881964, 0.0075214542, 0.009069793
185, 0.008472428, 0.0012307505, 4.0482584E-4, 0.009563772, 0.0016592058, 0.0070229424, 0.0013139831
186, 0.0051937606, 7.383406E-4, 0.005198234, 0.007920204, 0.0075916722, 0.0055978266, 0.0073106294
187, 0.00665123, 0.00958257, 0.0034242172, 0.009229479, 0.007830482, 0.0030620599, 0.008836504
188, 0.009796949, 0.0047033792, 0.006021187, 0.002110136, 0.009717125, 0.009778813, 0.004444239
189, 0.0036897303, 0.009805481, 0.00653295, 0.004814615, 0.009214412, 0.005393442, 0.004454181
190, 7.86206E-4, 0.0056176125, 0.004161309, 6.521855E-4, 0.0032124799, 0.005513538, 0.007963803
191, 0.0018107101, 0.006172738, 0.0040454324, 0.0053160167, 0.0061327997, 0.0028947734, 0.009646123
192, 1.23588E-4, 0.0061088735, 0.004545429, 0.0077492436, 0.0039693867, 0.00943216, 0.0017453157
193, 0.0043899184, 0.0038100737, 0.007192664, 0.0033612212, 0.004846576, 0.0042893635, 0.005599963
194, 0.0096395, 0.0010009635, 0.0040408615, 0.009916787, 0.0070660026, 0.009931301, 0.00833185
195, 0.007029461, 4.7287898E-4, 0.0054039364, 0.0061904266, 0.006137943, 0.0038598278, 0.003391724
196, 0.008761892, 0.005417316, 0.0051571666, 0.0025227584, 0.007056333, 0.0061842585, 0.0017303312
197, 4.5097384E-4, 0.0014778179, 0.0050961236, 0.0028101993, 0.007540524, 0.0025666873, 0.00921693
198, 0.0022308873, 0.009968733, 0.0022398937, 0.008403688, 0.009866437, 0.00537781, 0.007480389
199, 0.004398137, 0.0029800867, 0.0055433963, 0.003905062, 0.0062530986, 0.009334557, 0.0021784343
200, 2.9933474, 0.0072793025, 0.0023590883, 0.0039536934, 0.0033693165, 0.009567677, 0.004928699
201, 3.024663, 0.0061709895, 0.008323741, 0.0023834084, 0.008478864, 0.009819283, 0.009744856
202, 3.0132663, 0.00914035, 0.0033523282, 0.0029777773, 0.008225711, 0.0071364273, 0.008394569
203, 3.0082726, 0.002094559, 0.0024628025, 7.209815E-4, 0.005204385, 0.0053661643, 0.008376618
204, 3.0178719, 0.0024455474, 0.0020655976, 0.0037195561, 0.0020508736, 0.0088934135, 0.007846919
205, 3.0613592, 0.0074063838, 0.0014956351, 0.007964403, 0.007951998, 0.0046844804, 0.0040624663
206, 2.9703112, 0.0037451854, 0.006130143, 2.1673697E-4, 0.0054385858, 0.009683175, 0.0030264151
207, 2.945494, 0.005376115, 8.621109E-4, 0.009378743, 0.0018319257, 0.0076630213, 0.004549428
208, 3.0274634, 0.0081021115, 0.0080981115, 0.0057492903, 0.008478118, 0.0046166866, 0.005930462
209, 2.9606597, 0.002214568, 0.006304897, 0.0063703614, 0.00815475, 9.94867E-4, 0.00415906
210, 2.9122448, 6.9720416, 0.005506514, 0.0062133903, 7.0855646, 0.0062033213, 9.07229
211, 3.0749032, 7.0399714, 0.0030566778, 0.003186563, 7.090981, 0.0012208598, 8.932382
212, 3.0028543, 7.0099688, 0.009613902, 0.002210325, 7.094706, 0.008578088, 8.976282
213, 3.0210838, 7.07248, 0.0057360893, 7.778775E-4, 6.904302, 0.0033873431, 8.953638
214, 2.9915001, 7.01943, 0.007916852, 0.005259208, 7.033993, 0.0063703763, 9.098818
215, 3.081505, 7.00244, 0.004013787, 0.0014919346, 6.926243, 0.0047857016, 9.082354
216, 2.93157, 7.075182, 0.0059574363, 4.4449422E-4, 6.9867764, 0.004572429, 8.921156
217, 2.9884534, 7.0764074, 0.0055990447, 0.0014283195, 7.04969, 0.008833971, 8.995798
218, 3.0367568, 6.9434834, 0.0058256243, 0.0019570112, 7.067202, 0.007907225, 9.006649
219, 3.0115335, 6.919879, 0.0071149715, 0.009393829, 7.027576, 0.005802646, 8.9472065
220, 3.0654252, 7.032756, 0.0066829175, 0.0011870064, 6.93205, 0.0018792507, 8.910685
221, 3.0236132, 7.0094857, 0.0035021796, 0.0026231667, 7.0429435, 0.005100165, 8.994527
222, 2.968662, 7.0750985, 0.004720386, 0.008430038, 7.022561, 0.005974488, 9.04728
223, 2.906655, 6.964667, 0.0060857185, 0.0035311074, 6.9856763, 0.009634372, 8.985925
224, 2.9043477, 6.967658, 4.4403924E-4, 0.007865514, 6.945414, 0.0027581055, 8.955
225, 2.9253554, 6.903142, 0.009071156, 0.008592038, 6.9998946, 0.0013643083, 9.010378
226, 2.9286475, 7.026227, 0.0028754368, 0.0026012002, 6.937577, 0.005144115, 9.006958
227, 3.0370984, 7.074716, 0.009559536, 0.008448792, 7.0679255, 0.009655515, 8.991484
228, 2.930112, 7.0466638, 0.0070816744, 0.008426737, 7.0855246, 4.68379E-4, 9.046764
229, 3.0761287, 6.98244, 8.789265E-5, 0.007075882, 7.005842, 1.4886196E-4, 8.9963
230, 3.0328095, 6.948781, 9.160611E-4, 0.005010477, 6.9261765, 0.0016165943, 8.9642725
231, 2.9310887, 7.080139, 0.007956259, 3.9735954E-4, 7.0478806, 0.0023387973, 9.003579
232, 3.0794039, 6.911034, 0.0025625313, 0.0049759736, 7.088748, 0.0071175275, 9.014298
233, 3.0892518, 7.090018, 0.007281543, 4.1505336E-4, 6.9069314, 0.0033165852, 8.9101
234, 3.0317688, 6.964856, 0.0046303007, 3.2004892E-4, 7.0406837, 0.008428054, 9.044099
235, 3.0372036, 6.9808307, 0.0077548395, 0.007461243, 6.90808, 0.0036461202, 8.911137
236, 2.9676878, 7.079914, 0.0064315503, 0.0025402375, 6.9770303, 5.7328056E-4, 9.050217
237, 2.953729, 7.081533, 0.0057472205, 0.009566788, 7.0223784, 0.008176473, 9.060617
238, 3.0826173, 7.0643167, 5.7874585E-4, 0.0055259084, 6.9944463, 0.0036689243, 9.00438
239, 2.901797, 6.9509616, 0.0058287964, 0.0066412236, 6.977293, 0.0099225165, 8.965706
240, 2.9536796, 0.005041575, 0.0061380886, 0.0064786314, 0.006620245, 0.0067944727, 0.004790692
241, 2.996401, 0.004669805, 0.0033998657, 0.006798831, 0.008493997, 0.0027225444, 0.0066791424
242, 2.9205093, 0.002438087, 0.009843825, 0.009951326, 0.009242139, 0.0011987201, 0.006713594
243, 2.9953728, 0.0045788586, 0.0062878444, 0.009931435, 0.005772926, 0.008063195, 0.0073692407
244, 3.0688004, 0.005174544, 0.0019807096, 0.008463977, 7.7622954E-4, 0.008241832, 0.0013159689
245, 3.0110502, 0.008429519, 0.006489823, 0.007815753, 0.0060478947, 0.0016946356, 0.0057683876
246, 2.955145, 0.008278496, 7.386189E-4, 0.0023416837, 0.006305188, 0.004991887, 0.00133461
247, 2.9798176, 0.008225249, 0.004232152, 0.0025352014, 0.0025479638, 0.005983628, 0.0074410634
248, 3.0268, 0.0034919428, 4.8764455E-4, 0.0035475963, 0.009632002, 5.241684E-4, 0.0066098953
249, 3.0402, 0.008302383, 0.009013303, 0.0037717528, 0.009639869, 0.0075038527, 0.0051108734
250, 3.011343, 0.009680132, 0.006461193, 0.007811853, 0.0012172888, 8.955085, 0.0059131654
251, 3.0726464, 0.0038644683, 0.004976042, 0.0071549476, 8.421966E-4, 9.000359, 0.008280604
252, 2.9758098, 0.0013172473, 0.0028097825, 0.005594544, 0.002223893, 8.974907, 0.0021449889
253, 2.9377494, 0.0041318536, 0.00684507, 0.008008501, 0.007390806, 9.039327, 0.00951394
254, 2.983095, 0.004399649, 0.008534023, 0.0020163956, 0.0059866095, 9.084271, 0.0013502317
255, 3.0349278, 5.051006E-4, 0.0036358538, 0.008769948, 0.0063770087, 8.953905, 0.0064967247
256, 2.9584126, 0.0049280953, 0.008150287, 0.005339469, 0.0087052565, 9.02802, 0.007121378
257, 2.9891996, 0.0020774724, 0.008602328, 0.001428863, 0.009313813, 9.035119, 0.009145539
258, 2.976931, 0.0027166386, 0.0014090347, 0.0017195445, 0.0026107838, 8.976661, 0.0060014944
259, 2.9863148, 0.0012199878, 0.008502071, 0.004481679, 0.008408652, 8.948062, 0.009354454
260, 0.009059454, 0.0025031883, 3.8971737E-4, 0.004463675, 0.008848879, 9.040095, 6.811375E-4
261, 0.0047714245, 1.8704485E-4, 0.0036179067, 0.0041770884, 0.0031399275, 8.913695, 0.008180027
262, 0.008395538, 0.004774078, 0.007847349, 0.009936041, 0.006529691, 8.952179, 0.008931615
263, 0.0061835316, 0.0012299658, 0.002328711, 0.00286006, 0.0055999546, 9.046983, 0.006916573
264, 0.003708777, 0.0023353056, 0.008887799, 4.3185797E-4, 0.0050655333, 9.06862, 0.0012463435
265, 0.009443714, 0.0016322461, 0.002957522, 0.009743322, 9.724518E-4, 8.967667, 0.0075088227
266, 0.008768096, 0.0022730888, 0.008598809, 0.009995547, 0.0014143105, 8.929559, 0.0065823537
267, 0.0026764788, 0.0065598176, 0.00857336, 0.0067649046, 0.0032966959, 9.022483, 0.0068314597
268, 0.0017174814, 6.963465E-4, 0.001952743, 3.523604E-4, 0.003112224, 8.947426, 0.0070088785
269, 0.0073550018, 0.00541204, 0.002159978, 7.450679E-4, 0.0050142603, 8.953599, 0.0036225803
270, 0.003309131, 0.00353785, 0.0035098926, 0.006252503, 0.0040559815, 9.093575, 6.7649805E-4
271, 0.005242095, 0.0063178944, 0.004709135, 0.0028453828, 0.007723463, 9.066333, 0.006222465
272, 0.0047383765, 0.0070469766, 0.0036662822, 0.007837697, 0.00851713, 8.980366, 0.0016097568
273, 0.0058182003, 0.0019943123, 0.00431087, 0.0034604985, 0.006950277, 9.066274, 0.0010156246
274, 0.008129044, 0.0076168454, 0.0044796215, 0.009719924, 0.0015676926, 8.928203, 0.001283105
275, 0.0071911365, 0.0029106187, 0.0020052337, 0.009836336, 0.0037954706, 8.906976, 0.0027219646
276, 0.008376498, 7.7757484E-4, 0.0016373785, 0.004742484, 0.0012893317, 9.032312, 0.003743018
277, 0.003521727, 0.008719628, 0.009179449, 6.982507E-4, 0.004092735, 8.997129, 0.007895074
278, 3.96231E-4, 0.0019245455, 0.003661614, 0.004649793, 0.0012437592, 9.0176325, 0.004760517
279, 0.0044015227, 4.503591E-4, 6.356385E-4, 0.0063738017, 0.0016119564, 9.021889, 0.0064686295
280, 0.008045773, 0.007348835, 0.004829782, 0.009743805, 0.0057098647, 8.910905, 0.008804008
281, 0.0013152099, 0.0068320385, 0.0084549645, 0.0097856475, 0.0061097126, 9.026035, 0.004596193
282, 0.008377827, 0.008952996, 0.0029764096, 0.007014315, 0.0062465416, 9.039082, 0.001772175
283, 0.0055863936, 0.0022499226, 6.2591536E-4, 0.007343111, 0.0022534016, 9.054188, 0.0068493565
284, 0.009327806, 0.0025695085, 0.0068684276, 0.0080044195, 0.0059167086, 9.0576515, 0.004774115
285, 0.0031603791, 0.008730398, 0.008612956, 0.004342023, 0.009057836, 8.941004, 9.1216713E-4
286, 0.00841772, 7.956883E-4, 0.0033517464, 0.007961486, 0.007798604, 9.049751, 0.0057362495
287, 0.008684229, 0.0036191808, 0.0029859531, 0.005751432, 0.006248974, 9.065712, 0.0019176673
288, 0.0011430102, 0.0018054127, 0.0011768881, 6.2213297E-4, 0.0015997902, 9.048434, 0.0032938097
289, 0.003909437, 4.4962743E-4, 0.0016235667, 0.005076098, 0.008527916, 9.03226, 0.0025406352
290, 0.008065388, 0.005626475, 0.0041494565, 0.0046250075, 0.0067559853, 8.904762, 0.0069236266
291, 1.1633516E-4, 0.006189109, 0.00140187, 0.004782674, 0.008012227, 9.088693, 0.004758308
292, 5.2286783E-4, 0.0061579808, 0.009932899, 0.009219024, 0.00141314, 9.041183, 3.230997E-4
293, 0.0075360904, 4.849223E-4, 0.009583138, 0.0061061443, 9.876961E-4, 9.065042, 0.008030945
294, 0.0036413902, 0.007864173, 0.0049661864, 0.007162791, 0.004323019, 9.033789, 0.0019598033
295, 0.0054636346, 0.004685787, 0.003073206, 0.0020461534, 0.0066622277, 8.974272, 0.0095931385
296, 0.007938065, 8.225711E-5, 0.009151207, 0.0098621175, 0.0046898136, 8.902393, 0.008923266
297, 0.008594817, 0.0018628843, 0.0024069557, 0.009248895, 0.0018687644, 8.999826, 0.0059852516
298, 0.004285113, 0.0035289044, 0.0034111429, 0.004579867, 0.0032414112, 9.051125, 0.0027147634
299, 0.009108847, 0.006461674, 0.0076819197, 0.005071455, 0.007953937, 8.978486, 0.0011363211
300, 0.001990808, 0.004533388, 0.007212783, 0.0015324774, 0.004711242, 9.094397, 0.009516032
301, 0.0010218296, 0.009842088, 0.007965163, 0.009357973, 5.950805E-4, 9.099111, 0.007823205
302, 0.0029776143, 0.0042591156, 0.0035675992, 0.0027607009, 0.0070460318, 8.977295, 0.0024809162
303, 0.0065717762, 0.008163732, 0.0060675833, 0.003830432, 0.0035357892, 9.074984, 0.0036071776
304, 0.0018206222, 0.0065373075, 0.003856681, 0.0075726034, 0.009136165, 8.911707, 4.8605725E-4
305, 0.0019166023, 0.002791608, 0.0014755079, 0.009114839, 0.0065884553, 8.936689, 0.0041641286
306, 0.008167206, 0.0076085743, 6.358943E-4, 0.006192553, 0.005927167, 9.009837, 9.4270374E-4
307, 0.0066345707, 0.0026777408, 0.0049585714, 0.0024833085, 0.0024340723, 9.038629, 8.9701486E-4
308, 0.0048014442, 7.543489E-5, 0.0010356291, 0.0039423835, 0.005235328, 8.917489, 0.0041899406
309, 0.0036556865, 0.008649533, 0.005585715, 0.001685048, 0.006311715, 8.908368, 0.002812216
310, 0.0074476595, 0.007580586, 6.9897094, 1.0563203E-4, 0.0033737235, 8.996746, 0.0027324893
311, 9.104597E-4, 0.0029354228, 7.024124, 0.008649357, 0.005532851, 8.905264, 0.006661562
312, 0.006023855, 0.0043548723, 6.9156723, 0.00570175, 0.009306644, 9.050107, 3.1966317E-4
313, 0.0055909716, 0.0039045447, 7.0972667, 0.004349851, 0.009623167, 8.932285, 0.0034494274
314, 0.0072486773, 0.007882017, 7.012645, 0.0021874649, 0.008094151, 9.038114, 0.007345861
315, 0.0062536104, 0.007305736, 6.9129047, 0.0042936397, 0.0068748035, 9.080301, 0.0025735947
316, 0.004659794, 0.003904702, 6.9627237, 0.0029135959, 0.0010615214, 9.044937, 1.4067284E-4
317, 0.0066724042, 0.0062721036, 7.0622168, 0.005607969, 0.0041163866, 8.922548, 0.008447396
318, 0.009695579, 0.0010926279, 6.9280596, 0.0026480309, 7.216176E-4, 8.969828, 8.55499E-4
319, 3.3938623E-4, 0.004113991, 6.995947, 0.007799835, 0.0058524944, 8.942417, 0.004620689
320, 5.981339E-4, 4.956462E-4, 6.910771, 0.00912337, 0.00487659, 8.948069, 0.0013845816
321, 0.0026105912, 0.0061528473, 6.9209094, 0.0023146002, 0.00870721, 8.921645, 7.0380664E-4
322, 0.009679868, 0.0098456, 6.980811, 0.008218849, 0.00450723, 9.067777, 0.002216269
323, 0.00286344, 3.4218383E-4, 6.9109206, 0.0019651523, 0.0017912458, 9.06857, 0.0011709403
324, 0.0027179825, 0.009624476, 7.030637, 0.009722184, 5.960642E-4, 8.986184, 0.0045237076
325, 0.0056575895, 0.005564293, 6.95967, 0.0021845147, 0.0025052535, 9.085082, 0.008090339
326, 0.0017546245, 0.001203037, 6.9558916, 0.009663351, 0.0035898641, 8.951789, 0.008995222
327, 0.0041146968, 0.0017612332, 7.0875177, 0.007506886, 0.0070439028, 8.992599, 0.002554886
328, 0.007832623, 0.004236208, 7.031784, 0.0038381405, 0.007048505, 8.900898, 0.006789463
329, 0.0017345841, 0.0065279654, 6.9894495, 4.333435E-4, 0.0019701072, 9.025978, 0.009968416
330, 0.007728478, 0.0026855927, 7.0337057, 0.003557514, 0.0015034287, 8.965665, 0.009088691
331, 0.009171444, 0.008630539, 7.0010023, 0.006211166, 0.006524436, 8.902139, 1.2474632E-4
332, 0.006690499, 0.0054762685, 7.019362, 0.0019259909, 0.0016077457, 9.056, 6.188532E-4
333, 0.008473043, 0.0038725785, 7.0146966, 0.0074659307, 0.008502809, 8.947842, 0.004285636
334, 0.0017791021, 0.007878313, 6.982839, 0.0074688587, 0.0063421624, 9.062908, 0.006404709
335, 0.009651368, 0.002672581, 7.0312424, 0.0020829604, 6.0146314E-4, 9.077165, 0.0031524939
336, 4.6067953E-4, 0.0045714285, 7.046314, 0.0019381151, 0.008981277, 8.982489, 0.008223111
337, 0.00876133, 7.992035E-5, 6.935526, 0.007342901, 0.009961044, 8.920515, 0.0040099015
338, 5.42006E-4, 0.0011851115, 7.0633125, 0.0032185805, 0.0074518165, 9.037409, 0.009592447
339, 0.005815527, 0.007290016, 6.9832783, 0.002772431, 0.004454411, 8.978359, 0.0045161596
340, 0.007858736, 0.0014324785, 0.0077419663, 0.009860212, 0.001950396, 8.939023, 0.0036697767
341, 0.0076016425, 0.0021536078, 0.0048706974, 0.004266331, 0.0031119292, 8.987284, 0.009089918
342, 9.526336E-4, 0.0051422305, 0.006330786, 0.00565569, 0.0016493533, 9.0040865, 0.0036914523
343, 0.009882895, 0.0039400146, 0.00636513, 0.007156233, 3.6418223E-4, 8.9046755, 8.9916313E-4
344, 0.009485014, 0.0042532347, 0.0064649754, 0.0054829796, 0.00601493, 8.934287, 0.008254271
345, 0.005482542, 0.0025318852, 0.00779853, 0.0065227137, 0.009749129, 8.930395, 0.004749849
346, 0.0086295465, 0.009726425, 0.00793569, 0.004303713, 0.0047960426, 8.95661, 0.0050518997
347, 0.006656235, 0.0032153307, 0.0021127057, 0.00824338, 0.009966827, 9.056793, 1.9034695E-4
348, 0.0020507448, 2.4961558E-4, 0.0034671654, 0.0015564414, 0.008811383, 9.083037, 0.004009299
349, 0.009060222, 0.0077941655, 0.009925819, 0.004206142, 0.007101444, 9.067766, 0.008732572
350, 0.0042837374, 0.0013064672, 0.009631415, 0.0023596126, 0.0070586246, 9.007621, 4.317221E-5
351, 0.009991714, 0.009503873, 0.008464042, 0.0035538045, 0.001242868, 9.066839, 0.0079228
352, 9.5852796E-4, 7.3916366E-4, 0.0019577832, 0.0039364933, 0.0037768467, 8.948998, 0.003960169
353, 0.009717057, 3.2702266E-4, 0.0013135717, 0.008616915, 0.0032478867, 9.005365, 0.009100123
354, 0.0050238944, 0.0092870165, 0.0043159816, 0.0018312627, 0.007390445, 8.951454, 0.007921528
355, 0.0032638214, 0.0031083096, 0.005100783, 0.0077837617, 0.009946559, 8.984609, 0.0059274253
356, 0.005182149, 0.00400554, 0.0031884112, 0.0019836086, 0.005822045, 9.065485, 0.0061813965
357, 0.0025288789, 0.009218861, 0.0058987234, 0.0074905395, 5.296748E-4, 9.027834, 3.8154956E-4
358, 0.0014996796, 0.0010817215, 0.0062506795, 0.005093915, 0.0046492633, 9.08017, 0.0077686715
359, 0.008783767, 0.0034044953, 0.006810816, 0.0049257446, 0.0072985035, 8.946666, 0.009902603
360, 0.0035567908, 0.006824141, 0.0053518866, 0.0023115412, 0.004755398, 0.0045900876, 0.0018447081
361, 0.0023227741, 0.007443507, 0.003885519, 0.0011593583, 0.0044124415, 0.005076214, 0.00922752
362, 5.848794E-4, 8.278705E-4, 0.008725669, 0.0018277677, 0.009340679, 0.0064242305, 0.0086415475
363, 0.005123696, 0.0010022946, 2.0034134E-4, 0.009051581, 0.005071707, 0.006786999, 0.008314208
364, 0.0064441566, 1.4414598E-4, 0.009360198, 0.0050092624, 0.009865998, 0.0015283811, 0.0052708397
365, 0.009845154, 0.0028714726, 0.004895498, 3.8380193E-4, 0.0019023666, 6.760601E-4, 0.0012877241
366, 0.0067495266, 0.0042177667, 0.0027950732, 0.0061678695, 0.0012358936, 0.0046086516, 9.896916E-4
367, 0.0024806946, 0.0059446204, 0.002255695, 0.004695918, 0.0056952545, 0.007944232, 0.0029406117
368, 0.0012780669, 0.0062289294, 0.0011739099, 0.009672246, 0.0064269174, 0.0073979613, 0.006507285
369, 0.009585176, 8.13674E-4, 0.0050959866, 0.0069125355, 0.0024578148, 0.002714393, 0.0087711755
370, 0.003404872, 9.723972E-4, 0.0027355575, 0.0019542377, 0.004059799, 0.0079271, 0.005999988
371, 0.0045836973, 0.0027402807, 0.001010969, 0.009193294, 0.0086814705, 0.00638822, 0.001465184
372, 0.004724599, 0.0035509274, 0.009740412, 0.00897962, 0.0019212654, 0.0066012675, 0.004151415
373, 0.001511513, 0.0056558847, 0.0011461528, 0.0028405262, 0.0053634606, 0.0060947947, 0.0030812218
374, 0.008327344, 0.007820868, 0.009360916, 0.0042142062, 0.009080134, 0.0019243326, 0.007819704
375, 0.0012030511, 0.0014735003, 5.4036704E-4, 4.2553217E-4, 0.0055515515, 3.6623303E-5, 0.004794235
376, 0.008106852, 0.0019186736, 0.0036705974, 1.4157557E-4, 0.006521958, 0.009116867, 0.008023153
377, 0.001880881, 0.008683233, 6.063103E-4, 0.0045313267, 7.467771E-4, 0.0029262588, 0.009036181
378, 0.004777405, 0.008374453, 0.00749117, 0.0024406707, 0.004750731, 0.0018884751, 0.0015871801
379, 0.0080666235, 0.0073677306, 0.006644612, 0.004227192, 0.0034912918, 0.0031747753, 0.0062411833
380, 0.006347944, 0.0036828688, 0.008543277, 0.009316837, 0.008772142, 0.0069630863, 0.007863663
381, 0.0033645679, 0.008422561, 0.0024503053, 0.0012546435, 0.006817138, 0.007864087, 0.006493167
382, 0.0021264702, 0.0019970075, 0.008728225, 0.005849025, 0.009571624, 0.0031742214, 0.007865578
383, 9.1800484E-4, 0.0090036495, 0.005938627, 0.00617534, 0.0032126764, 7.246204E-4, 0.006368164
384, 0.003976848, 0.0074249916, 1.7397945E-4, 0.0010628741, 0.003516766, 0.009946242, 0.0054962663
385, 0.0020146566, 0.008746482, 0.0025024607, 0.007762511, 0.0034956974, 0.004857816, 0.0016868213
386, 0.006689836, 0.001673881, 0.005231145, 0.0026022322, 2.6077076E-5, 0.0015013898, 0.001428593
387, 0.0075714574, 0.007900997, 0.009573085, 0.0026559094, 0.008928747, 0.0043929303, 0.0061141592
388, 0.0047202134, 0.00827609, 0.0073194713, 0.0040319185, 0.0049267677, 0.00326885, 0.003833068
389, 0.008054489, 0.008586486, 0.006989684, 0.0037871664, 0.0023795792, 0.0048468704, 0.004276282
390, 0.005035807, 9.6935313E-4, 0.004412608, 0.0039876057, 0.004839336, 6.5286044E-4, 0.009388067
391, 0.0061249514, 0.0093711745, 0.0035353412, 0.0059524393, 0.007968299, 0.008955338, 0.0018641301
392, 0.003869307, 0.0039450387, 1.1167422E-4, 0.0054637683, 0.002935917, 0.009817336, 0.0067455503
393, 0.009128325, 0.00539346, 0.0029560004, 0.0018909877, 0.004946818, 0.0050481786, 0.0069628935
394, 0.008301002, 0.0024380158, 0.008394128, 7.10538E-4, 8.7618217E-4, 0.007583793, 3.8194668E-4
395, 0.008986726, 0.006432294, 3.756046E-4, 0.007643996, 0.0043635885, 0.006629977, 0.009326527
396, 0.0049647456, 0.007654691, 0.008024354, 5.5171957E-4, 0.0065763053, 0.0073804036, 0.009139639
397, 0.008483028, 0.0024625098, 0.007030896, 0.008233612, 0.0050588693, 0.0012709867, 0.0025977765
398, 0.0069890674, 0.0043184054, 0.0056611435, 0.0018395217, 0.004754135, 0.009729415, 0.0029570383
399, 0.0010524814, 0.0051506218, 0.00229216, 0.0038276005, 0.0047383946, 0.0018792934, 0.008486933
400, 0.0043826974, 0.008490989, 0.0033732755, 0.008470876, 0.0025520418, 0.005668361, 0.0065855333
401, 0.0065800156, 0.007904973, 0.003974516, 0.0086436365, 0.008155403, 0.005172633, 0.008942527
402, 0.0013647944, 0.008987585, 0.005650102, 0.0074934773, 0.0076964083, 0.006261567, 0.0073845494
403, 0.0062394356, 0.0010321526, 0.002784781, 0.00459649, 0.0060053966, 0.008050856, 0.009493495
404, 0.009134742, 0.0061642313, 0.0032352444, 0.004758476, 0.0019317002, 0.009810345, 0.008549829
405, 0.0028485947, 4.0404435E-4, 0.0035418842, 0.004892037, 0.008061492, 0.008535052, 0.0036779623
406, 0.0028779132, 0.005493266, 0.00997815, 0.0041065286, 0.009283501, 0.0041945744, 9.373956E-4
407, 0.009640132, 0.0020352753, 0.0035484056, 0.008809071, 0.0027509865, 0.0010277621, 0.009105185
408, 0.004609615, 8.6336705E-4, 0.0042437515, 0.009823757, 0.0020685887, 0.00600053, 0.008662272
409, 0.004692184, 0.0039314386, 0.008514966, 0.0032617543, 0.0030401852, 0.006495298, 0.0018749526
410, 0.0070605893, 0.00950545, 0.0066921, 0.0060370117, 0.008584551, 0.001578915, 0.0021367893
411, 0.002803007, 0.004410301, 0.0049295193, 0.0034744304, 0.007742269, 0.0035064858, 0.009296825
412, 8.853414E-5, 0.009753274, 9.786792E-4, 0.0056402874, 0.00477393, 0.0011460374, 0.009521701
413, 0.003446836, 3.310366E-4, 0.008245525, 0.00939261, 0.0056238496, 0.0012043908, 0.0049480377
414, 0.008039919, 0.007242459, 0.006266816, 0.009406639, 0.00865937, 0.0035465343, 0.004641628
415, 0.007078378, 0.0028938516, 0.0021055846, 0.00505878, 0.0017351409, 0.0066548125, 0.0037651998
416, 6.5688585E-4, 0.009721675, 0.009614803, 0.0071365503, 0.0053715506, 0.001738412, 0.008305519
417, 0.001766847, 0.005091477, 7.3338166E-4, 0.009953014, 0.005845566, 0.0066173105, 0.0041066576
418, 0.009191485, 0.0053266194, 1.242214E-4, 0.0033623925, 0.002619328, 0.002684554, 0.0063077225
419, 0.004587666, 0.0067959027, 0.0051732482, 0.0076832436, 0.008693987, 0.0037247303, 0.004418465
420, 0.0046134987, 0.0012264479, 0.0041285977, 0.0014510086, 5.5369653E-4, 0.007727168, 0.0028943236
421, 0.0038751352, 0.0077331644, 0.002133794, 0.0029496863, 0.00476724, 0.0040329644, 0.0025004684
422, 0.003532307, 0.006112746, 0.004172598, 4.478374E-4, 0.006320015, 0.0031145108, 0.0034849208
423, 0.008180274, 0.008214519, 0.009543949, 5.368904E-4, 0.009652665, 0.002704947, 0.00845647
424, 0.0056447918, 5.2574056E-4, 0.0026851047, 0.0070557166, 0.0059361057, 0.0049180496, 0.0063580517
425, 0.009266466, 0.0040261936, 0.005644358, 0.0044338712, 0.004663986, 0.006606489, 0.008624358
426, 0.0012112678, 0.007807975, 0.0012819072, 0.0014522257, 0.004330897, 0.0077421525, 0.0048486926
427, 7.367135E-4, 0.007998096, 0.0034459278, 0.0038699463, 0.0027531, 0.0022949495, 0.00736248
428, 0.008884584, 0.007192448, 0.006836388, 0.0057779695, 0.0068764924, 0.0043502846, 4.7228613E-4
429, 0.0017894865, 0.0027341882, 0.001965937, 0.009997292, 0.0038747387, 0.009347246, 0.009105414
430, 0.009902386, 6.643738E-4, 0.0077143484, 9.748563E-4, 0.0020869202, 4.1821034E-4, 0.0029787675
431, 3.5820753E-4, 0.009147188, 0.0019195565, 0.009660635, 0.008491936, 0.007367291, 0.0020271759
432, 0.009521363, 6.212324E-4, 0.0058603883, 0.003962355, 0.008474097, 0.00922627, 0.006443127
433, 0.009558919, 0.0047450853, 9.637721E-4, 0.00477337, 0.008166921, 0.009094399, 0.0017382368
434, 0.007041053, 0.0046761506, 0.0093204, 0.007998832, 0.008074313, 0.0092134485, 0.005500919
435, 0.0013521143, 0.006107763, 0.001468265, 0.009465096, 0.007887359, 0.0066570635, 0.003313736
436, 0.0018433509, 0.0032304255, 0.0029537247, 0.004415978, 0.002708984, 0.0092737395, 0.0032163064
437, 0.006862172, 0.007303397, 0.008774095, 0.0056689745, 0.0064884145, 0.0066279666, 0.009566631
438, 6.6562666E-4, 5.511876E-4, 0.003789099, 0.0010124764, 0.005537571, 0.0036617024, 8.9902064E-4
439, 0.0014791936, 0.0018549982, 0.006490257, 0.008063369, 0.007147301, 0.006677268, 0.0046481392
440, 0.0055276705, 0.009242781, 0.009064279, 0.008367497, 0.002408295, 0.008914632, 6.3097104E-4
441, 0.007124991, 5.995108E-4, 0.006408164, 0.0042492687, 0.0071929307, 4.2676527E-4, 0.0039288653
442, 0.008136536, 0.004251989, 0.0054073324, 0.00964833, 0.0035168922, 0.007662482, 0.007082995
443, 0.00367285, 0.0028014795, 0.0077665853, 0.0073054307, 0.0054769414, 0.0018060718, 0.002681758
444, 0.0045835003, 0.0062981946, 0.00390915, 0.0064460277, 0.0031426405, 0.009296499, 0.006250849
445, 0.0060886834, 0.0082000885, 0.0048998096, 0.008082945, 0.0012253197, 0.008625674, 0.0086902855
446, 0.009202322, 0.006114051, 0.008636434, 0.0044287597, 0.0020351093, 7.601282E-4, 0.0034643186
447, 0.0053721396, 0.004385959, 0.0046190512, 3.978456E-5, 0.002907484, 0.001126698, 0.0037236973
448, 0.0026500549, 0.0027081368, 0.0021708454, 0.009648837, 0.0052593867, 0.005111445, 9.652589E-4
449, 0.006626835, 0.006719663, 0.008224225, 0.0024274404, 0.0013411972, 0.0024531633, 0.009381274
450, 0.0017667937, 0.008450033, 0.0063553755, 0.0030138898, 0.005950389, 0.0037293895, 0.009644228
451, 7.294661E-4, 0.007708567, 0.0058767856, 0.00917314, 0.0024599044, 0.007922965, 0.0074782055
452, 0.006328792, 0.005905702, 0.005999323, 0.0054171584, 0.009050556, 0.0051842295, 0.009399699
453, 0.0010923233, 0.0037370175, 0.008584843, 0.0028934667, 0.0012106934, 8.460466E-4, 0.009640124
454, 0.005283762, 6.360112E-4, 0.007848399, 0.005341673, 0.006375785, 0.009797683, 0.0058608265
455, 2.605317E-4, 0.009775655, 5.032514E-4, 0.0017632114, 0.005576444, 0.0077432552, 0.005647898
456, 0.0058952332, 0.0075768037, 0.0027697869, 2.7733506E-4, 0.006531612, 0.001055292, 0.0068105184
457, 0.0037358268, 0.0062509794, 0.009221822, 0.003175473, 0.005219003, 0.0020419364, 0.003229583
458, 0.007965563, 0.007951475, 5.3089036E-4, 0.0012315821, 0.0076389536, 4.221862E-4, 0.0020697643
459, 0.00899825, 0.0068022003, 0.006635812, 0.0025876896, 0.0015593023, 0.005642963, 0.0011764087
460, 8.931875E-5, 0.008077189, 0.009555879, 0.009029904, 0.0034733957, 2.1611995E-4, 0.0044604284
461, 0.0045749242, 0.004948751, 0.00763977, 6.940559E-5, 0.0089268135, 0.003740891, 0.0029524353
462, 0.009938858, 0.009907639, 0.008010882, 0.0023925302, 0.0015151418, 0.0043153106, 0.003949226
463, 0.007893969, 0.0015919821, 0.007877885, 0.005860961, 7.5011206E-4, 0.0026002256, 0.004304478
464, 0.00872422, 0.0070465943, 0.0029752, 0.0011821162, 0.005183002, 2.735032E-4, 4.8139348E-4
465, 0.0071182563, 0.0022259275, 0.0070840023, 8.214128E-4, 0.0014915701, 0.008906263, 0.008035648
466, 0.005115955, 0.005449, 0.005374519, 0.006332274, 0.008913787, 3.7498158E-4, 0.0052234293
467, 0.004078486, 0.0022754932, 0.007959104, 0.007686156, 0.007365406, 0.0051720245, 0.004201392
468, 0.00358206, 0.008625491, 0.0049488386, 0.008219765, 0.009070405, 0.007125866, 0.00292869
469, 0.005562126, 0.0042508696, 0.006213754, 0.0053608967, 0.004875937, 0.00944077, 0.008984234
470, 0.009872171, 0.0062509943, 5.623976E-4, 0.002409696, 0.0023338774, 0.009326551, 0.0064898953
471, 0.0036519933, 6.328237E-4, 0.009341788, 0.0054336307, 0.0012724544, 0.0012174952, 0.009709046
472, 0.004480997, 0.00836153, 0.0014888643, 4.0212236E-4, 0.006266145, 0.004229014, 0.006114703
473, 0.0024772973, 0.009407104, 0.00622741, 0.008168585, 3.827036E-4, 0.004827327, 0.0035251463
474, 0.006629519, 0.005361976, 0.008369651, 2.0299834E-4, 2.2543703E-4, 0.0052210623, 0.0012142325
475, 0.0059162136, 0.0038635114, 0.008002431, 0.0035279943, 0.008546463, 0.007962554, 0.009698834
476, 0.003501654, 0.0047619045, 0.002887503, 0.009039135, 0.0034714201, 0.0012102581, 3.8327972E-4
477, 0.0055916426, 0.0071759513, 0.0011889654, 0.001415058, 9.5576065E-4, 0.0073651928, 0.009068117
478, 0.0051442543, 0.0066506425, 9.562164E-4, 0.007485983, 0.0069043133, 0.006459966, 0.009722217
479, 3.9364028E-4, 0.0039876313, 0.0054547964, 0.008104321, 0.008394288, 0.006814718, 0.0026919246
480, 0.006151874, 0.0015045353, 0.009628979, 0.009672937, 0.0048254263, 0.008459041, 0.009245239
481, 0.002049685, 0.0029375881, 9.865582E-4, 0.0025774348, 0.007774686, 0.009860508, 0.0061045554
482, 0.0036806075, 9.204124E-4, 0.0057946984, 0.009411238, 0.008864676, 0.006729282, 0.0018724587
483, 0.007597934, 0.004072146, 1.06575375E-4, 0.005660184, 0.008961437, 0.0021592574, 0.0067313924
484, 0.0037273269, 0.006565067, 0.0089797685, 0.0032361422, 0.0018658183, 0.009878807, 0.0062429
485, 4.9296254E-4, 0.005272273, 0.007223065, 0.0060016876, 0.0019458488, 0.0055463007, 0.0031472088
486, 0.00632527, 0.007140165, 0.008711779, 0.001993183, 2.1841332E-4, 0.0091266, 0.008633944
487, 0.0013261596, 1.7382557E-4, 0.00325452, 0.0031836939, 0.0066583, 0.0088775875, 0.0040200674
488, 0.006291471, 0.0019483627, 0.002535291, 0.0060972353, 0.007636672, 0.008729018, 0.0070462357
489, 0.0054555456, 0.0031344758, 3.953885E-4, 0.008825317, 0.0065558446, 0.003610558, 0.0071824435
490, 0.0014569786, 0.002016129, 0.006095132, 0.0016655676, 0.006562893, 0.0018521912, 0.0020212978
491, 0.0042377035, 0.0022747829, 4.2327616E-4, 0.00927869, 0.0029481584, 0.005526071, 5.508318E-4
492, 5.5192097E-4, 0.0023322795, 0.0050108037, 0.005928814, 0.008664343, 0.0014178501, 1.05569765E-4
493, 0.004906915, 7.511688E-4, 0.001963201, 0.0073098866, 0.0010034576, 0.0070020007, 0.004163668
494, 0.0098328125, 0.008092602, 0.006441326, 0.0085571725, 0.007838285, 0.0011108955, 0.0017565724
495, 0.009666337, 0.0065589687, 0.0063410862, 0.0075368183, 0.009033693, 0.0069981627, 0.008856514
496, 0.0014512712, 0.0027381738, 0.009261559, 0.008547283, 0.005875139, 0.0012252327, 0.0016954455
497, 2.9981157E-4, 0.008261549, 0.0073395614, 0.009955184, 0.008364241, 0.0021616672, 0.0018185253
498, 0.008887569, 0.00971958, 0.007211195, 0.004186077, 0.0066829445, 0.006334352, 0.0056299414
499, 9.810431E-4, 0.0051377076, 0.0016209001, 0.0048221694, 0.002560329, 0.0020651112, 0.0020944013
500, 5.189474E-4, 0.004336715, 0.0019020273, 0.001273022, 0.0025697388, 0.008242571, 0.008381607
501, 0.009193545, 0.005968988, 0.0054549486, 0.008776539, 0.007567196, 0.00299447, 0.0019741503
502, 0.0026648678, 0.0075632595, 0.008437692, 0.004517023, 0.009430106, 0.00448351, 0.008822646
503, 0.0053678555, 0.0077796383, 0.0011783268, 0.008237729, 0.0013239085, 0.0074501717, 0.009955793
504, 0.007946667, 0.003679231, 0.0079662725, 9.4793143E-4, 0.004297788, 0.003309585, 0.0018277698
505, 0.0034236624, 0.009617003, 0.007352908, 0.009824095, 0.005375916, 0.0037483892, 0.0017239104
506, 0.0043083783, 0.005860761, 0.009697251, 0.0067580296, 0.0022113898, 0.0040292675, 0.0054340856
507, 0.0016491102, 0.0033351847, 0.008568251, 0.00533387, 0.0070268204, 0.0010385755, 0.0013538891
508, 0.008953616, 0.004013948, 0.0018113134, 0.009522636, 0.0018921487, 0.002410372, 0.0074311346
509, 8.767301E-4, 0.00332958, 2.696372E-4, 0.008407593, 0.0085669635, 0.0075099715, 0.0020656993
510, 2.3885458E-4, 0.0023333284, 0.0019091859, 0.00289156, 0.0046424144, 0.0052344687, 0.0031209462
511, 0.0016881354, 0.006367943, 0.0067598294, 0.002597646, 0.007370855, 0.0024602462, 0.005493736
512, 0.008298452, 0.007903126, 0.0049125855, 0.0070885476, 0.005025773, 0.0038599332, 0.00953537
513, 0.006204426, 0.005772175, 0.0048314873, 0.0035625, 0.0042861267, 0.008753342, 0.009135989
514, 0.0020274005, 0.008572638, 0.009968691, 0.004742183, 0.00826306, 0.0015733696, 0.009109783
515, 0.0020465655, 0.007015146, 0.0043949713, 0.007427659, 0.007206694, 0.009604536, 0.0017657932
516, 0.009773769, 0.008101242, 0.009335378, 0.0013803355, 0.009445185, 0.0036690359, 0.0019170353
517, 0.0052739726, 0.0036932505, 0.0013734939, 5.307449E-5, 0.0063385973, 0.009795926, 0.0068454854
518, 0.0035476817, 0.00880274, 0.0064475075, 0.004376807, 0.0062896865, 0.0075250966, 0.0028854867
519, 0.0068680863, 0.009296619, 0.0072882962, 0.00865279, 0.009079085, 0.004636009, 0.009930122
520, 1.8468099E-4, 0.008585987, 0.008488385, 0.0041123033, 0.0065130917, 0.0047194357, 0.0028762042
521, 0.009802379, 0.005297212, 0.006938682, 0.0046552215, 0.007132012, 0.0021176252, 5.9138366E-4
522, 0.007249541, 0.007195549, 5.1234174E-4, 0.009815211, 0.0053088935, 5.654962E-4, 0.0075865723
523, 0.004456573, 0.0049764263, 0.007826964, 1.9410491E-4, 3.1339057E-4, 0.0027775648, 0.0052710515
524, 0.009666661, 0.009753033, 0.004275272, 0.008037492, 0.008858636, 0.0028131164, 0.009584299
525, 0.0024598201, 0.003878126, 0.007262052, 0.006596775, 0.009141667, 0.004291167, 0.009777836
526, 0.0043437597, 0.0083807055, 0.009814637, 0.009397744, 0.008302161, 0.009957156, 0.008554263
527, 0.008698217, 0.0066536427, 1.664269E-5, 0.0016977302, 0.0077833505, 0.0015119682, 0.0088025965
528, 0.0022388517, 0.001092097, 0.0019574428, 0.0043312777, 7.873303E-4, 0.0072783455, 0.0063519203
529, 0.008752888, 0.009809617, 0.00797477, 0.00985508, 0.006105133, 0.008749905, 0.0021204173
530, 0.009322458, 0.0024409883, 0.0063963146, 0.008713671, 0.0018379755, 0.001900304, 0.0035858292
531, 0.0023463746, 0.005018488, 0.0051952843, 0.008882572, 0.0026815187, 0.006925118, 1.927644E-4
532, 0.0022175133, 0.0011560485, 9.259224E-4, 0.0078015937, 0.0066437344, 0.0056219934, 0.006176706
533, 2.1133471E-4, 0.006339862, 0.0063832486, 0.00752155, 0.002678865, 0.009785329, 0.0051419903
534, 0.009561904, 0.004522376, 6.346232E-4, 0.0017378387, 0.008402829, 0.009757635, 0.00523369
535, 0.002244529, 0.0011572946, 0.0028992796, 0.004950193, 0.005982991, 0.0076741343, 8.503076E-4
536, 0.0035303305, 0.008316372, 0.001152582, 0.0075157997, 0.004548436, 7.116868E-4, 0.004316053
537, 0.0038023186, 0.0016816034, 0.009484418, 0.0056401016, 0.002002313, 0.005020083, 0.009886519
538, 0.00576426, 2.1324425E-4, 0.009915229, 0.0027549348, 0.007664715, 0.0094040455, 9.702745E-4
539, 0.006806867, 0.005424563, 0.0030169177, 0.0026952424, 8.496873E-4, 0.005510635, 0.0065803453
540, 7.580463E-5, 0.006667498, 0.0013506565, 0.002709622, 0.0068469252, 0.0051530306, 0.006701761
541, 0.005084055, 0.0066156336, 0.005372664, 0.0058111674, 0.0035154102, 0.00214329, 0.008684026
542, 0.008692065, 0.0010600523, 0.0010762282, 0.007769754, 0.0079725385, 0.0032776264, 0.0022046664
543, 0.003507645, 0.009722619, 0.009202013, 0.004933295, 9.6656504E-4, 0.0044243233, 0.0033656834
544, 0.0060629714, 0.009499121, 0.0058217966, 0.008306471, 0.0022114657, 8.962519E-4, 0.0047734487
545, 0.0073861633, 0.0032422051, 0.003875516, 0.0024252357, 0.008463222, 0.0019235025, 0.0027940217
546, 0.0020340087, 0.0099873, 0.007706749, 0.0034085563, 0.0015921084, 0.0024211542, 0.007990578
547, 0.008749634, 3.915781E-5, 0.009545909, 0.008529024, 0.0037328126, 0.008294271, 0.0061685424
548, 0.0057452023, 0.0079997685, 0.0026016547, 0.0010258278, 0.0076280725, 0.002663273, 0.0017548507
549, 0.0062668943, 0.0066183466, 0.0081243245, 0.0016496325, 0.0077969204, 0.0074306214, 0.0069363797
550, 3.1283245E-4, 0.0039773914, 4.062549, 0.0078107095, 0.0040641446, 0.0037037286, 0.0038061996
551, 0.0042885947, 7.9021044E-4, 4.034635, 0.0046611023, 0.004350191, 0.009445062, 0.009172804
552, 0.0021278588, 0.0052865427, 3.9104102, 0.0058973064, 0.0014792372, 0.0015303587, 0.0035318714
553, 0.0076478133, 0.0068100733, 4.0178666, 0.005239533, 0.006643143, 0.008001625, 0.0060877725
554, 0.004505948, 0.0011414536, 4.0633917, 0.0016914728, 0.009642013, 0.00950007, 1.4994891E-5
555, 0.0033848525, 0.0019008591, 3.9209673, 0.005001265, 0.0011573411, 0.0077022095, 0.0065997653
556, 0.0040830965, 0.0054750713, 4.0224633, 0.0040223473, 0.0015990419, 0.009933121, 1.1352991E-4
557, 0.009364399, 0.004367004, 3.9390914, 0.0028789483, 0.0011641838, 0.0047759777, 0.0054784142
558, 0.0064966306, 0.001275046, 3.995942, 0.0086259, 0.0010266445, 0.009380407, 0.008532535
559, 0.006034707, 0.0036282663, 3.9288414, 2.1348652E-4, 0.004053015, 0.0014260417, 0.0061307936
560, 8.4611337E-4, 0.0043103755, 0.005985194, 0.0056384355, 0.0045308275, 0.0014798039, 0.0011667121
561, 0.00939642, 0.007392899, 0.0062297788, 0.002079711, 0.0074693565, 0.0026051104, 0.007468012
562, 0.0066084135, 0.0031430805, 0.001559403, 0.0016605051, 0.0025633792, 0.007826749, 0.009827967
563, 0.006003528, 0.0028913696, 0.0022140264, 0.0035952209, 0.006532825, 0.008575497, 0.0020581533
564, 0.0020956672, 0.0018734669, 0.0038670802, 0.007941091, 0.004258598, 0.008265422, 0.0013128892
565, 0.009754823, 0.0032391697, 0.0017440644, 0.0046762275, 0.008263263, 8.0635346E-4, 0.00891146
566, 0.0062975697, 0.008076167, 0.004661809, 0.008603433, 0.0017002367, 0.008641757, 0.0056797243
567, 0.0029390454, 0.008318845, 0.0024527328, 0.008786191, 0.007733252, 0.0071130623, 0.002560675
568, 7.3770003E-4, 0.009060162, 0.005526419, 0.0047067897, 4.1185206E-4, 0.0048734494, 0.00775975
569, 0.0029022815, 0.0023893996, 0.0080221165, 0.0036510532, 0.0011295786, 0.0025852483, 0.009743941
570, 5.8834744E-4, 0.00798599, 0.0054770624, 7.755835E-4, 0.0038293698, 0.0055542886, 0.006083638
571, 5.87484E-4, 0.009361721, 0.008560097, 0.0062612123, 0.0039332886, 9.324257E-6, 0.004963826
572, 0.004114415, 0.007897718, 0.009875841, 0.0045353477, 0.007359552, 0.001933414, 0.0044129426
573, 0.0076724305, 0.0063314615, 0.007996442, 0.003411104, 0.0027493786, 0.009991164, 0.007821771
574, 0.0020328646, 0.0066202134, 0.008770079, 0.0096242, 6.4324104E-4, 0.009551105, 0.0013775626
575, 0.007066813, 0.0076392675, 0.0028196685, 0.00880206, 0.009208236, 7.403925E-4, 0.0044941255
576, 0.0076521747, 0.0013215462, 0.0012737252, 0.006493223, 0.006712464, 0.0029718806, 0.002872897
577, 0.0039281882, 0.005129805, 0.0015464025, 7.065685E-4, 0.0059408946, 0.007999663, 0.0065494236
578, 0.009862364, 0.005777799, 0.005287647, 0.0024071387, 0.0018343126, 0.0066771097, 0.00300021
579, 0.005270551, 0.006196593, 0.00929702, 0.0013094065, 0.00236182, 4.937047E-4, 0.005875752
580, 0.0029401062, 7.783966E-4, 0.0051368927, 0.0060895295, 0.0065440973, 0.006350955, 0.0016689653
581, 0.009662499, 0.0040140175, 0.002145272, 0.0021443828, 0.0011830032, 0.0077310717, 5.0483993E-4
582, 0.004568777, 0.0032935105, 0.0035940094, 0.0021501442, 0.0043518147, 0.0054468783, 0.008342849
583, 7.821807E-4, 0.0045495895, 0.0067595383, 0.005169359, 0.0018819156, 0.008307496, 0.0031425664
584, 0.009897306, 0.009954049, 0.0053617973, 8.545038E-4, 0.0011190133, 0.009332572, 7.1786763E-4
585, 8.951707E-4, 0.0015907849, 0.009847242, 0.007695359, 0.0012476231, 0.004918245, 1.4426652E-4
586, 0.009415302, 0.0068757776, 0.0011036971, 0.008261096, 0.002501418, 5.9813156E-4, 0.006881082
587, 0.0011743867, 0.004277686, 0.0014833839, 0.0019301632, 0.0024718314, 6.6480105E-5, 0.0012516731
588, 4.0059087E-5, 4.268779E-5, 3.263404E-4, 0.0033155135, 0.0050832704, 0.0037384864, 0.008315727
589, 0.0035574203, 0.005264866, 0.006324538, 0.0077288584, 0.0067166016, 0.0055275, 0.009724491
590, 0.0063220104, 0.007344979, 0.00722145, 0.0025543463, 0.0059334054, 0.009693194, 0.006189893
591, 0.0042489613, 0.0014971021, 0.0066001513, 0.00527313, 0.0057032323, 0.0016610518, 0.0034850317
592, 0.004901509, 0.0062817647, 0.0014417525, 0.009878608, 0.0059252935, 0.0022950035, 0.0029827047
593, 0.007581082, 0.0021207505, 0.0025964207, 0.003931131, 0.0014965462, 0.005915238, 0.0028244997
594, 0.004207193, 0.0064695817, 0.009790106, 9.949065E-4, 0.0010121999, 0.001037376, 0.007548709
595, 0.0036423672, 0.008807072, 0.0069111427, 0.0041778814, 0.0035184175, 0.0056895916, 0.0012135201
596, 3.8471038E-4, 0.0069703283, 1.0871721E-4, 0.0070240027, 0.008056477, 0.0015581576, 0.0021765498
597, 0.0066223736, 0.0058701425, 0.0022110054, 0.0019732476, 9.704638E-4, 6.877594E-5, 0.0072802133
598, 0.0031874946, 0.0084354915, 0.0040258314, 0.0042163613, 0.0041948757, 0.005533592, 0.0016342059
599, 0.00827858, 2.4877855E-4, 0.002560066, 0.0037855126, 0.0066788243, 0.009843212, 0.0073732417
600, 0.0042460356, 0.0048703966, 0.005504191, 0.0013117598, 0.0010893308, 0.0013091528, 0.0042761085
601, 0.0022504586, 0.0025114683, 0.001947458, 0.0059917783, 0.001137948, 0.0013334182, 0.0059651076
602, 0.008049596, 9.331324E-6, 7.860976E-4, 0.009798062, 0.0038685391, 0.0014304437, 0.0052771177
603, 0.0073949904, 0.008451479, 0.0016053525, 0.003754284, 8.1325736E-4, 0.008559558, 0.001966761
604, 9.406905E-6, 0.0067601176, 0.0068851444, 0.006969351, 0.003807019, 0.0014915525, 0.009308137
605, 0.00901898, 0.009076088, 0.00860028, 0.0018301662, 0.0049960553, 5.688355E-4, 0.00165615
606, 0.009103501, 0.0026692778, 0.008369309, 0.006406262, 0.009606239, 0.009446358, 4.2532737E-4
607, 0.005298766, 0.0034626147, 3.711877E-4, 0.0068809795, 4.6348482E-4, 0.007667031, 0.0070523354
608, 0.006402846, 0.009964101, 4.2698146E-5, 0.0042956457, 0.003921632, 0.0061308173, 0.007650497
609, 0.0066140858, 0.0012519278, 0.004089022, 0.0075609903, 0.002500893, 0.0069063082, 0.0032186436
610, 7.004877, 3.7746129E-4, 0.009086022, 0.0042105177, 0.0049983263, 0.006465292, 0.006309019
611, 6.921124, 0.0077684163, 0.0014817346, 0.0034270794, 0.0064564925, 0.0045630895, 2.2118189E-5
612, 6.9831395, 0.0049304343, 0.008174913, 0.0037662827, 0.0020095594, 0.00923346, 0.0043921038
613, 6.9336114, 0.006778766, 0.0020059308, 0.0060690944, 0.002725337, 0.0011944295, 0.0065251943
614, 7.0005326, 0.00925583, 0.008570191, 0.007480809, 0.002100945, 0.00889987, 0.005344706
615, 6.992655, 0.0017087989, 0.0026959158, 0.008942408, 0.004051817, 0.0039800075, 0.007495679
616, 6.9323044, 3.5554293E-4, 0.0027687412, 0.0045632566, 0.005990851, 4.0719096E-4, 1.6474137E-4
617, 6.988565, 0.0023003954, 0.00677063, 0.005422808, 0.0012911902, 0.005824361, 0.006893165
618, 6.9403286, 2.027828E-4, 0.0022149046, 0.003952473, 0.0021156196, 0.0019057574, 0.0025434475
619, 6.9291587, 0.007875125, 0.005060521, 0.005419936, 0.008619022, 0.0015887914, 0.007868088
620, 6.969844, 0.001977201, 9.142653E-5, 0.0022769573, 1.8546145E-4, 0.007875116, 0.0070841475
621, 6.9460816, 0.0018374419, 0.0018051327, 0.008395265, 0.0028044775, 0.007916768, 3.816251E-4
622, 6.9119353, 0.002450732, 0.009220589, 0.0014151966, 0.008173644, 0.007906405, 0.0071045877
623, 7.0318847, 0.0021516485, 0.0064872894, 0.007343939, 0.0020945275, 0.0045766695, 0.008452208
624, 6.9126606, 0.007962625, 0.0035888932, 0.008741777, 3.3278915E-4, 0.003676134, 9.475095E-4
625, 6.9958224, 0.0052105947, 0.005574077, 0.0028200764, 0.006860469, 0.00583105, 0.009032928
626, 6.9333315, 0.005215195, 5.3467456E-4, 0.0050389385, 0.0020462591, 0.007350259, 0.0034798787
627, 7.0772724, 0.0028212399, 0.006635008, 0.005609708, 0.007148643, 0.009905871, 0.003242708
628, 6.939719, 0.002812735, 0.0018734419, 0.007366801, 0.0030019442, 1.5036858E-4, 0.008031803
629, 7.048139, 0.004597549, 0.003954241, 0.009475406, 0.0072104074, 0.0016235403, 7.571917E-5
630, 7.01162, 0.0059238593, 0.0024402195, 0.009193804, 0.0072363806, 0.006272848, 0.0074838386
631, 7.005727, 0.0076032495, 9.4056193E-4, 0.0033965562, 0.0068627824, 0.0072211516, 0.009604728
632, 7.012307, 0.007885315, 0.006055324, 0.009910975, 0.004548685, 0.008302584, 0.0067221606
633, 7.0695734, 0.0069479523, 0.0042040297, 0.0038877195, 0.006894816, 0.004434804, 0.0012252775
634, 7.0869074, 0.007039484, 0.0027170305, 0.0049525336, 0.00622987, 0.009074121, 0.0010047455
635, 7.0920515, 0.0016261352, 0.005793259, 0.008866848, 0.0057734945, 0.00432081, 0.0066529987
636, 6.919937, 8.915795E-6, 0.008932544, 0.005427555, 0.0011909875, 0.007318186, 7.7171007E-4
637, 6.9436493, 0.009209192, 0.00979776, 0.0028312926, 0.007548645, 0.0018272501, 0.0035237789
638, 7.0783825, 0.0092033865, 0.0011523059, 0.009083397, 0.00969415, 9.4673614E-4, 0.0065366453
639, 7.0883713, 0.0071597397, 0.0031846422, 4.231934E-5, 0.0033840828, 0.008740688, 0.004737612
640, 0.0071782973, 2.1602103E-4, 0.0020004944, 0.009065513, 0.007878722, 3.75534E-4, 0.0022541222
641, 0.0035898448, 0.002231841, 0.0065712254, 0.0053717904, 0.008671404, 0.007822723, 0.009657171
642, 0.0026239415, 0.0063266438, 7.1886176E-4, 0.002147948, 1.0919878E-4, 0.002603947, 1.0630507E-4
643, 3.7541552E-4, 0.00844188, 0.0016913963, 0.00737495, 0.003676214, 0.009322921, 0.0042905323
644, 0.004055167, 0.0023681142, 0.0043777963, 0.0075659696, 0.0094239265, 0.0049549635, 0.008217331
645, 0.009068643, 0.007827122, 0.008994134, 0.0020620213, 0.0024308357, 0.0078057996, 0.009367012
646, 0.006467774, 0.008344037, 0.00996751, 0.002312207, 0.0017007407, 3.560766E-4, 0.0082100285
647, 0.0035127946, 0.0021311678, 0.0013618438, 0.009383194, 0.0037730765, 0.006650971, 0.0033123377
648, 0.009765638, 0.0063769305, 5.669942E-4, 0.009629635, 0.0028366914, 0.006089016, 0.005681691
649, 0.00709079, 0.0017397631, 9.417055E-4, 0.0043452173, 0.0015315479, 0.001562017, 0.004444774
650, 1.4769885E-4, 0.009621164, 0.0010961733, 0.0076615037, 0.0026177093, 3.9185638, 0.0011037848
651, 0.007714016, 0.0058027413, 0.0029769153, 0.0062653497, 0.001712269, 3.9740903, 0.005991546
652, 9.811453E-4, 0.002845318, 0.0014784981, 0.0028565885, 0.004977669, 3.9307916, 0.0049480735
653, 0.002183548, 0.0032781106, 0.008081784, 0.009355968, 0.0018304399, 4.0970726, 0.003852705
654, 0.004082304, 0.0054680123, 0.0017618354, 0.0031783376, 0.0040558237, 3.9277856, 0.0012061085
655, 0.009778794, 0.003475874, 0.007244375, 0.0056304135, 0.0072807604, 4.0152435, 3.4930054E-4
656, 0.002595923, 0.005257779, 0.005343457, 0.0046726614, 0.0044917543, 4.0449495, 0.0011911965
657, 0.0046078493, 9.412798E-6, 0.008925532, 0.0031311982, 0.0077186325, 3.9771364, 0.004759567
658, 0.0023764756, 0.0058627115, 0.00199245, 0.009099261, 0.0044763917, 3.9659345, 0.001476749
659, 0.0023388022, 0.008422168, 0.006760462, 0.0034027307, 0.0010458877, 3.9288392, 3.900595E-4
660, 0.0024415408, 0.0023448898, 0.002025992, 0.0025570556, 0.0015284832, 4.081712, 0.009010725
661, 0.007165952, 0.0032816788, 0.008708858, 0.0077533475, 0.0068150074, 3.9564517, 0.007711114
662, 0.005290722, 0.0043270364, 5.3443376E-4, 0.005110928, 0.0052042105, 3.9219587, 0.004425057
663, 0.009337277, 0.009450318, 0.0030360129, 0.0015603114, 0.0050855023, 4.046511, 0.008014335
664, 0.0018612848, 0.0069274595, 0.0058174934, 0.008973715, 0.0029832297, 3.9401984, 0.003997456
665, 0.0072112023, 0.007374546, 0.004578415, 0.0051451684, 0.001229348, 3.9386394, 0.0037743924
666, 0.0019146726, 9.2065235E-4, 0.0076373946, 0.009777098, 0.006510706, 3.9301827, 0.0078806225
667, 0.0028971143, 0.0074982042, 0.0025345092, 0.0026576673, 0.0044770297, 4.0413423, 0.001912415
668, 6.011005E-4, 0.008415397, 0.008055456, 0.008684383, 0.004909275, 3.920648, 0.009444167
669, 0.009184317, 0.0018101007, 0.0020501032, 0.0021203302, 0.0055534774, 3.942568, 0.008301536
670, 0.0038110404, 0.0015339656, 0.0036312607, 0.006707511, 7.9822046E-4, 3.964098, 0.008824678
671, 0.0021411031, 0.004685308, 0.009507392, 0.009062558, 0.0013493195, 3.9167676, 0.0048083877
672, 0.0052648527, 0.0041929325, 0.0018565767, 5.8413984E-4, 0.007354358, 3.9809272, 0.0050904728
673, 0.007775968, 0.0027706071, 0.0013896967, 0.0078662895, 0.0068266606, 4.0334797, 0.009952893
674, 0.004781121, 0.0010598481, 0.004691982, 0.008286209, 0.0016986085, 3.9244735, 0.001434312
675, 0.009147105, 0.007988261, 0.00943737, 0.0025020428, 0.0032328356, 3.9605892, 0.0067616897
676, 0.0010601503, 3.6595127E-4, 0.0068886206, 0.0028506233, 1.6631832E-4, 4.0300374, 0.00823829
677, 0.00877836, 0.005673631, 0.008434313, 0.0062956335, 0.008996941, 4.0583224, 0.004800966
678, 9.7514474E-4, 0.0056123803, 0.008920511, 0.004271006, 0.004784097, 3.9392269, 3.2547785E-5
679, 0.009027616, 0.0043995455, 0.0051133493, 0.006866747, 0.0045628548, 4.0356994, 7.587768E-4
680, 0.0067270086, 0.0047788536, 0.0024278206, 0.009036032, 0.0012909694, 3.941001, 0.0057093026
681, 0.0038388693, 0.006746039, 0.0074301213, 0.0016493897, 0.0038629733, 3.925728, 0.0037057612
682, 0.009330583, 0.008736162, 0.007275761, 0.0062574525, 0.007160591, 3.9364338, 0.0018658518
683, 1.1729574E-4, 0.00381418, 0.0077609844, 0.004263283, 0.0044969884, 3.9933558, 0.007540413
684, 0.0023951465, 0.004827492, 0.0019583392, 0.0037563692, 0.0017513472, 3.9625764, 0.007938045
685, 0.00666671, 0.006916887, 0.003705786, 0.0063705454, 0.0021312984, 3.963446, 0.0067088106
686, 7.687629E-4, 0.008512616, 0.005005775, 0.009869785, 0.00947341, 4.0520616, 0.008546661
687, 0.006433679, 0.0099614505, 0.008240765, 0.0010332584, 0.005702489, 4.015357, 0.009510474
688, 0.00965671, 0.009401373, 0.0022675875, 0.009845327, 0.0038509956, 4.0625715, 0.004004031
689, 0.001768986, 0.006515222, 0.001432835, 0.005588297, 0.0020618977, 3.9846964, 9.372623E-4
690, 0.0077149207, 0.0066201175, 1.23477E-5, 0.004597989, 0.00480268, 4.0904446, 0.008602029
691, 0.007945445, 0.008458544, 0.008100921, 0.006873339, 0.0074504325, 3.9182405, 0.008660026
692, 0.0023697542, 0.0082824575, 0.004375967, 0.004240539, 0.0011849721, 4.045094, 0.00860358
693, 0.002505366, 0.0041123275, 0.0063432227, 0.002563303, 0.009200261, 4.0997663, 0.008441066
694, 0.0033290752, 0.006742656, 0.0050628507, 0.0064442423, 0.0045603807, 4.06822, 0.0068605104
695, 0.00473924, 0.0045101834, 0.007235333, 0.006294344, 0.0022230214, 4.0856113, 7.158559E-4
696, 0.0056238123, 0.0035095345, 0.0027118616, 0.0074578845, 7.707664E-4, 4.049901, 0.008846798
697, 0.003151029, 0.0073889783, 0.0050810506, 0.0041414993, 0.008907085, 4.0203204, 0.0075054383
698, 0.0023448837, 0.00824714, 9.29044E-4, 9.736498E-4, 0.0018233215, 4.0413957, 0.009387909
699, 0.008920185, 9.131478E-4, 0.004047024, 0.007448358, 0.008096878, 3.933988, 0.00718552
700, 0.0089024, 0.005586273, 0.0027024671, 0.001284865, 0.009027341, 4.0640783, 3.3739247E-4
701, 0.009745398, 0.008136763, 0.0018595164, 0.004648771, 0.0037971197, 4.0212765, 0.0052874153
702, 6.109029E-4, 0.0017623345, 0.007386152, 0.0039833183, 0.007546064, 3.9403992, 0.005348548
703, 0.0030128898, 0.009846807, 0.0053556943, 0.0088313725, 0.009409359, 4.0630426, 0.00862134
704, 0.0077683325, 0.002967716, 0.005398327, 0.0012869956, 0.0044340244, 3.9546003, 0.008252812
705, 0.0067795794, 0.0074185715, 0.0092758145, 7.3107664E-4, 7.865513E-4, 4.048729, 0.0011194552
706, 0.0023134346, 0.0061928253, 0.008546518, 0.0038104672, 0.004795099, 4.019423, 0.00952221
707, 0.0057488466, 0.00944059, 0.0068131504, 0.009534983, 0.0056465347, 4.0928855, 0.006263701
708, 0.0063762264, 0.0060041007, 8.8419096E-4, 0.004871535, 4.9199234E-4, 4.0648894, 8.943106E-5
709, 0.0012383299, 5.168356E-4, 0.0035058584, 0.008404355, 0.007223732, 4.0922794, 0.008504682
710, 4.3241543E-4, 0.0017892793, 0.008230648, 0.0032943992, 5.3033396E-4, 3.9640594, 0.0012479521
711, 0.005432823, 0.008306536, 3.0338508E-4, 0.0035741664, 0.0031106537, 4.0490384, 0.0052493755
712, 7.825863E-4, 0.006452546, 5.1087478E-5, 0.0019907649, 0.0030895986, 4.009321, 0.0023722807
713, 0.002162725, 0.0045891507, 0.0046573137, 0.0070258295, 0.002540927, 4.076285, 0.009697519
714, 0.0072415667, 0.0011716719, 0.009994487, 5.888093E-4, 0.0035322173, 4.0951715, 0.0072944555
715, 0.007574919, 0.008109903, 0.00270443, 0.003359213, 0.0057315114, 4.02001, 7.8349834E-4
716, 3.7739635E-4, 7.86283E-4, 0.0068142717, 0.0040924237, 0.00653883, 3.9466844, 0.003951096
717, 0.0027376444, 0.0049294047, 8.0360443E-4, 0.0030330864, 0.0010151535, 3.9668906, 0.009820071
718, 0.0076112878, 0.009665039, 0.0050352747, 0.0063900426, 8.326003E-4, 4.057145, 0.007572654
719, 0.0071566575, 0.0058229896, 4.7702115E-4, 0.0016083672, 3.803243E-4, 4.0828853, 0.009074195
720, 0.0018021372, 0.009837736, 5.8963466E-5, 0.007637796, 0.0024036686, 3.9169264, 0.0035142063
721, 0.0029335353, 0.0083985645, 0.009153159, 0.009119556, 0.0025640836, 3.940374, 0.0077087996
722, 0.008507542, 0.007957708, 0.009489342, 7.0355355E-4, 0.0034546866, 4.085105, 0.0037098485
723, 0.006768589, 0.0035671792, 0.0068204864, 0.004913766, 0.008226317, 3.9691088, 0.0074167764
724, 0.0064476775, 0.008805925, 0.0064805644, 0.0014083396, 0.004782168, 3.985092, 0.008649063
725, 0.003944835, 0.004942782, 0.009927337, 0.0020248215, 0.0020283577, 3.9131858, 0.008117631
726, 0.0034022552, 0.0039298274, 6.137482E-4, 0.0050149616, 0.0054021995, 4.0083723, 0.0012955472
727, 0.00991354, 0.0048954133, 0.0025991655, 0.005776781, 0.007045395, 4.0256352, 0.002589784
728, 0.009041501, 3.4026764E-4, 0.0020583093, 0.0019096218, 0.0049325665, 3.9521723, 0.008162978
729, 0.0010678093, 1.5749753E-4, 0.007827087, 0.004315404, 0.003104559, 4.095227, 0.004522803
730, 3.2049368E-4, 0.006525459, 0.009009636, 0.0056637386, 0.0076601543, 3.9664025, 0.0070878062
731, 0.004013777, 0.00200211, 0.008893061, 0.003219878, 0.009946901, 3.9158967, 0.0036880712
732, 9.3724544E-4, 0.009282041, 0.0011610683, 0.008456745, 0.0070497687, 4.0646625, 0.008449878
733, 0.009248459, 0.0035847428, 0.0024625617, 0.002416484, 9.93483E-4, 4.095268, 0.0035813954
734, 0.006946991, 0.0027543164, 0.0013987297, 0.0013367027, 0.0014793958, 3.9886107, 0.0026348226
735, 9.198469E-5, 0.0086697815, 0.007864315, 0.005060622, 0.0037286, 4.0005255, 0.0046684984
736, 0.007510537, 7.013633E-4, 0.008231281, 0.00898831, 0.005602046, 4.082937, 0.008448699
737, 0.005306537, 0.008846845, 0.0028015117, 0.00472724, 0.00791623, 4.0810547, 0.0012896232
738, 0.005599314, 0.009309689, 0.0055054044, 0.0019051322, 0.002414313, 3.9209647, 0.0056200842
739, 0.0057151276, 0.00877139, 0.009656473, 0.007599483, 0.0050016763, 4.0395446, 0.0032216972
740, 0.0045436453, 0.0031117178, 0.007627778, 0.009306366, 0.0029288265, 4.0531287, 0.006186248
741, 0.0028046144, 0.0028232615, 0.0015614743, 0.009912294, 0.007926037, 3.9765391, 0.007068612
742, 0.0049472554, 0.0028769344, 0.005325268, 0.007323461, 0.008467931, 4.0698996, 0.009780372
743, 0.0045968685, 0.009844733, 0.0062564383, 8.266022E-4, 0.0043466752, 3.9657354, 0.0061087697
744, 0.0036474606, 0.0061756927, 0.002530499, 0.0022776946, 0.0037789554, 3.9680192, 0.003032185
745, 0.009681508, 0.001868289, 0.0035273626, 0.0064089755, 0.0019066615, 4.064777, 0.005374522
746, 0.004117796, 0.00798235, 0.0014772209, 0.0039891484, 0.0022708226, 3.9780676, 0.003474436
747, 2.4838286E-4, 0.0056399205, 0.008649344, 0.009293699, 0.008067945, 3.993151, 0.006814659
748, 0.0016228486, 0.0068347147, 0.0038198908, 0.009557146, 0.0011348213, 3.999506, 0.009615988
749, 0.005107295, 0.0035459015, 0.0070202365, 0.009824923, 2.985052E-4, 4.0574574, 0.0049865227
750, 0.0082722455, 0.008195086, 0.0074394634, 0.0018324632, 0.008480059, 3.9466228, 0.0058961865
751, 0.002249041, 6.1327475E-4, 0.0011845143, 5.2580883E-4, 0.003608293, 4.0452623, 0.009270334
752, 0.0032044274, 0.009602238, 0.0045410353, 0.0066066585, 0.0050212634, 3.93855, 0.009865579
753, 5.42511E-4, 0.0025239917, 1.7466083E-4, 0.0052227797, 0.00993158, 4.0906253, 0.003870262
754, 0.0028769334, 0.005645191, 0.0082609495, 0.008461559, 0.0035316912, 4.075192, 0.00852974
755, 0.0020775723, 0.003100743, 0.0068460535, 0.004263573, 0.008367195, 4.013965, 0.0014838093
756, 8.58341E-4, 0.0057539567, 0.0049473103, 0.002183968, 0.0030391912, 4.088064, 0.006824529
757, 6.970376E-4, 0.009123802, 0.0033012007, 0.006298506, 0.0023697903, 4.0110598, 0.002446115
758, 0.006711091, 0.0051587448, 0.0038182873, 0.006932362, 0.005515001, 3.903375, 0.0077346996
759, 0.0010009606, 0.0023511846, 0.009084494, 0.0069302944, 0.0025350617, 4.0936947, 0.005195423
760, 0.0092216125, 0.0023302669, 0.0071906717, 0.006062908, 0.008092358, 0.003290268, 0.005789507
761, 0.0029845515, 0.008561356, 0.005417249, 0.003157127, 0.0043838965, 0.0043035783, 2.1063695E-4
762, 0.0011653362, 0.0028364398, 0.003854118, 0.0011444286, 0.0072590443, 0.0039251093, 0.0023285386
763, 0.0052624675, 0.007734652, 1.6327653E-5, 0.0065090093, 0.004612668, 0.0018282323, 0.0021356808
764, 0.0053741806, 0.0052353437, 0.007485391, 0.0035225952, 0.0051917513, 0.0057274275, 0.006881961
765, 0.009156325, 0.008146198, 0.007023513, 0.0047744503, 0.0065709334, 0.0061401622, 0.009966289
766, 0.005581422, 0.0046148477, 0.0068864995, 0.007483075, 0.005731765, 0.008460961, 0.0076989997
767, 0.0037418194, 0.0062630624, 0.0011361354, 0.0034933286, 0.003529037, 0.006913043, 0.0041143545
768, 0.009425731, 0.0012738369, 0.007019362, 0.0021056826, 0.0053255726, 6.363001E-4, 4.2772022E-4
769, 7.353811E-5, 0.008618787, 0.0023851318, 0.0013056056, 0.0037257245, 0.004792849, 4.086372E-4
770, 0.005268695, 0.00825002, 0.009619862, 0.0031347182, 0.0055492246, 0.003903034, 0.005332913
771, 3.7972972E-4, 0.007070412, 0.0012114209, 0.0037418238, 0.0037026692, 0.0022382597, 0.0030074434
772, 0.002877964, 0.0017103197, 0.0010218512, 0.0052962545, 1.7380441E-4, 4.4060306E-4, 0.004465515
773, 0.0040401616, 0.0044114008, 0.0029455437, 0.0051609827, 3.455406E-4, 7.150141E-4, 0.0015018807
774, 4.049608E-4, 0.0022509366, 0.0077165943, 4.965099E-4, 0.0037772618, 0.007340293, 0.0036888618
775, 0.007965577, 0.008696954, 0.0067431405, 0.008919243, 0.00901018, 0.0031487108, 0.007733959
776, 0.0048889327, 0.00486829, 0.00821883, 0.009105828, 0.006924864, 0.0072916215, 0.004340164
777, 7.6886296E-4, 0.0059083896, 0.00905785, 0.008217435, 0.006611832, 0.0063529937, 0.007942687
778, 2.8922822E-4, 0.0075657275, 0.0027043591, 0.0032829882, 0.007280158, 2.0972084E-5, 0.003069651
779, 0.0013811907, 0.006906529, 0.0032753218, 0.009748865, 0.008433033, 0.0021210292, 0.008527414
780, 0.008919634, 0.0074046375, 4.167978E-4, 0.0010813115, 0.007617875, 0.00834169, 0.009658442
781, 0.0068902695, 0.004760202, 0.009962572, 0.0056673707, 0.004343363, 0.004370015, 0.0040689725
782, 0.008361063, 0.0022864768, 0.0033977197, 0.0033016065, 0.002630654, 0.005669574, 0.003566526
783, 0.0070753475, 0.007338497, 9.250393E-4, 0.006528809, 1.471953E-4, 8.271203E-4, 0.0042072814
784, 0.00428401, 0.00320215, 0.0041532572, 0.006961677, 0.002287588, 0.00508621, 0.0038954047
785, 0.004941323, 9.715443E-4, 0.0018723373, 0.0048306226, 0.008752957, 0.0025005466, 0.008814388
786, 0.009036055, 0.0062888013, 0.0035037147, 0.007425644, 0.0020429231, 0.009988961, 0.0012506272
787, 0.0014127084, 0.008555498, 0.004779422, 2.811342E-4, 0.0020021962, 0.009944834, 0.0057435585
788, 0.008852074, 0.0053167595, 0.0032367986, 0.008110468, 0.009730009, 0.0018886527, 0.006636227
789, 0.005981343, 0.007837608, 0.0011431689, 0.009763749, 3.654629E-4, 0.00805232, 0.0017409301
790, 0.007729154, 0.0015602981, 5.9500322E-5, 0.0020371429, 0.00692488, 0.005685602, 0.0035781676
791, 0.003597581, 0.0069955145, 2.6925062E-4, 0.0065060845, 0.0047051944, 0.00782393, 0.009182997
792, 5.718597E-4, 9.788112E-5, 0.0025719733, 0.0029391784, 0.0039353073, 0.007797107, 0.007823355
793, 0.006384813, 0.007843296, 0.0038186908, 0.009698697, 0.002167432, 0.0049268403, 8.0121256E-4
794, 4.4742486E-4, 0.0049973396, 1.621138E-5, 0.007144157, 0.0034684632, 0.008693935, 4.5434223E-4
795, 0.009117027, 0.0059714867, 0.005279083, 0.0018048414, 0.00958231, 0.007562704, 0.002968425
796, 0.0065794205, 0.0034693275, 0.0099239405, 0.007811922, 0.008150576, 0.0019426252, 0.0074510598
797, 0.0019477911, 0.009368866, 0.0043277144, 0.0012274986, 0.009959402, 0.005570157, 0.009288607
798, 0.009030989, 0.0036625874, 0.0046367073, 0.0044957343, 0.0022062908, 0.004801219, 0.0025669911
799, 0.007079466, 0.0061840084, 0.0045917644, 0.0016126682, 0.005533617, 0.0051853773, 0.008832973
800, 0.009457131, 0.007414931, 0.0032251144, 0.0073846937, 0.0021385672, 0.006178697, 0.0029092312
801, 0.007220232, 4.6149426E-4, 0.004797292, 7.219669E-4, 0.008969548, 0.009494243, 0.0034275746
802, 0.0025057495, 0.007895984, 0.0034158793, 0.003324703, 0.0056603765, 0.0015870905, 0.0034545572
803, 0.009444087, 0.005222365, 0.008290537, 0.004950343, 0.009729828, 0.009432675, 0.0017889469
804, 6.7903067E-4, 0.009957141, 0.0066608107, 9.829265E-4, 0.0014894997, 0.009177885, 0.009625517
805, 0.0049394146, 0.0020356968, 0.002312485, 0.0047371066, 0.007062893, 0.008925305, 0.0032381525
806, 0.0040836874, 0.005259876, 9.60712E-4, 0.003842466, 0.0050933263, 0.008492495, 0.0063138884
807, 0.0019430002, 0.008226475, 0.0039548767, 0.009455299, 0.0037178474, 0.0061877114, 0.0032564169
808, 0.0014479997, 0.004348505, 0.009093164, 4.589278E-4, 8.2157995E-4, 0.0039457427, 0.008789689
809, 0.009590037, 0.00865662, 0.0045107193, 0.0020942192, 0.0043431045, 7.3886575E-4, 0.007677731
810, 0.007106365, 0.008074315, 0.0016833163, 0.00229165, 0.008944726, 0.007920492, 7.819605E-4
811, 0.0054922155, 0.0012670411, 0.002886569, 0.006994889, 9.090111E-4, 0.0077566328, 0.0020895505
812, 9.830457E-4, 0.0028150848, 0.0033923355, 0.0059961854, 0.0053718816, 0.0056438125, 0.008766379
813, 4.5445058E-4, 5.387046E-4, 0.004142749, 0.0019744548, 5.943562E-4, 0.0021325143, 6.198525E-4
814, 0.0016744605, 0.009261459, 0.008263653, 0.0022315995, 0.001795189, 0.0025468708, 0.008841598
815, 0.0030691659, 0.0030734888, 0.0031904206, 0.006892737, 0.0029179652, 0.009108185, 0.0011590531
816, 0.0018560059, 0.0069975024, 0.0049413242, 0.009540401, 0.0078327535, 0.008732624, 0.0043120687
817, 0.0030418872, 0.0055582416, 6.638891E-4, 0.007675826, 0.0058485726, 0.0054656724, 0.0069739344
818, 0.006840973, 0.0053684074, 6.296945E-4, 0.00478834, 0.0036477966, 0.0084813675, 0.0026048042
819, 4.0364245E-4, 0.009499034, 0.007309405, 2.1512038E-4, 9.017846E-4, 0.009748674, 0.002237005
820, 0.0012054896, 0.0012294378, 0.0019654222, 9.375256E-4, 0.009329923, 0.0017522613, 0.009909538
821, 0.0034984215, 0.004931865, 0.001538312, 0.0056964643, 0.0053888, 0.005361801, 0.008181457
822, 0.0010679942, 0.0019756807, 0.002681271, 0.005844786, 0.0049514286, 5.707019E-4, 1.8304232E-5
823, 0.009385642, 0.008559495, 0.008576925, 0.0046678665, 0.0039180676, 0.0011685229, 0.009205759
824, 0.0055718925, 0.00597506, 0.0094096605, 0.009446928, 0.0051670047, 0.0045522023, 4.1767987E-4
825, 0.00849981, 7.540299E-4, 0.0077458597, 0.004504166, 0.008712316, 0.008521944, 0.003443283
826, 0.0061566853, 0.005223953, 0.004149894, 5.785945E-4, 0.0031127518, 0.0049725072, 0.007514447
827, 8.377706E-4, 0.0020172135, 4.992546E-4, 0.005445258, 0.009377384, 0.005743923, 0.0090754535
828, 0.005700833, 0.007116002, 0.0018473315, 0.0030732765, 0.007377107, 0.006463782, 0.0038069044
829, 0.0032172278, 0.00781505, 0.00697494, 0.006737038, 0.0023774907, 0.003739552, 0.007339421
830, 0.0070574, 0.0039045247, 0.0048403246, 0.0053742253, 0.0012533957, 0.005154639, 0.0012966068
831, 0.008231494, 0.0023037358, 0.003819145, 0.0028509498, 9.096E-4, 0.0036118187, 0.0019450994
832, 0.0059533836, 0.0023351288, 0.00934994, 1.2351423E-4, 0.0072257854, 0.0047777616, 0.007010084
833, 0.002221328, 0.0060372786, 0.00416674, 0.0026523222, 0.0092463065, 0.006335016, 0.005996709
834, 0.0018516218, 0.00945943, 0.008040701, 0.003942387, 0.009666114, 6.8723445E-4, 0.0013017432
835, 0.006045645, 0.0010846512, 0.009936932, 0.0026769172, 0.006395231, 0.009358742, 0.004880064
836, 9.399683E-4, 0.008588496, 0.0033837247, 0.001545805, 0.0016005604, 9.4613736E-4, 0.006866287
837, 0.0026529224, 0.0034705286, 0.002445111, 0.0014002412, 0.0014098216, 0.007644385, 0.0026414897
838, 0.0027696863, 0.0063249534, 0.009116552, 0.008474211, 0.0048084892, 0.0035952828, 0.003923812
839, 0.00577228, 0.0079672625, 0.004978394, 1.7998535E-4, 0.0035321345, 3.7378992E-4, 7.0420175E-4
840, 0.009660837, 0.0045885337, 0.0076201186, 0.008945126, 0.0077007744, 0.0071714553, 0.003769292
841, 0.00563899, 0.0030788616, 0.008023136, 1.4697698E-4, 0.001046766, 0.006300237, 0.009243534
842, 3.6799084E-4, 0.0023277188, 0.004220007, 0.007839118, 0.009745014, 0.0046273572, 0.0013102108
843, 0.009069056, 0.004736525, 0.0066990107, 0.0030364816, 0.0021144715, 0.0034132658, 9.1773353E-4
844, 0.004789524, 0.009340634, 0.0010573227, 0.0016956325, 6.075527E-4, 0.008478542, 0.00595515
845, 7.706013E-4, 0.009529362, 4.2151837E-4, 0.0092056515, 0.00261584, 0.0038336942, 0.0040140827
846, 0.0089366855, 0.008305418, 0.0026490926, 0.0032044956, 0.0037081393, 0.0015715519, 0.00645947
847, 0.001239012, 0.0020769597, 0.006502123, 0.0028840895, 0.001195029, 0.005309329, 0.0023524005
848, 0.001776712, 0.002081947, 0.008047404, 0.007282775, 0.008167159, 0.004982702, 0.007372824
849, 0.009484733, 0.0048595634, 0.0042655766, 0.0041564545, 0.0011201819, 0.0026050918, 0.004765031
850, 0.0018435944, 0.007774621, 0.004682941, 0.007011932, 0.0068961447, 0.003712557, 0.004451925
851, 0.009087712, 0.0019980024, 0.0011239385, 0.008975984, 0.005483618, 0.007827202, 0.0097632855
852, 0.009180468, 4.6535442E-4, 0.0017081081, 0.0019085776, 0.00716205, 0.005875071, 0.0017792055
853, 0.006404852, 0.004253661, 0.0010467761, 0.0034468225, 0.0047078584, 0.009236825, 0.0055679046
854, 8.423718E-4, 0.001306, 0.004697323, 0.003988913, 0.0097604655, 6.7419704E-4, 9.360986E-4
855, 0.0052643996, 1.2752834E-4, 0.0030011754, 0.0010758529, 0.008703412, 0.005435294, 0.0013320971
856, 0.008044784, 0.0025132129, 0.0037708385, 0.0034813273, 0.0039724493, 6.399625E-4, 8.456607E-5
857, 0.003095523, 0.0051987288, 0.008541354, 0.0021598388, 0.0055851243, 0.0015754082, 0.008770443
858, 0.0033826919, 0.00629272, 0.0070308875, 0.002806504, 0.0038573535, 2.2964267E-4, 0.009472062
859, 0.0064379214, 0.0076730503, 0.0049875444, 0.0020134205, 0.0021837312, 0.008199845, 0.001019601
860, 0.004251926, 0.0037346026, 0.00517602, 0.006386363, 0.001847273, 0.004200668, 0.007046773
861, 0.006274194, 0.0050206035, 0.0020727548, 0.009523794, 0.0011195878, 0.001750807, 0.0062352153
862, 0.0066575026, 0.0010105914, 0.00942603, 0.0041126995, 0.0038485406, 0.008186906, 0.0094990395
863, 0.00508983, 0.0031723543, 0.0039231665, 0.0032986023, 0.0047119185, 1.5046884E-4, 8.55269E-4
864, 0.0035650562, 0.0038564636, 0.0076743327, 0.006897511, 0.0055067637, 0.0010593402, 0.0071723647
865, 0.0022987048, 0.0032151586, 0.005486215, 0.009308109, 0.0070983074, 0.0021296048, 0.0026588696
866, 0.0065071625, 0.0022690103, 0.00590931, 0.004977753, 0.007432816, 0.0041701114, 0.0065480466
867, 0.0043262234, 0.009165104, 0.008586393, 0.009858445, 0.0045985808, 0.0062852227, 0.007590114
868, 0.0045561604, 0.007863135, 0.007327064, 0.009739119, 0.0020901929, 0.009053195, 0.008129841
869, 0.0017119476, 0.006094196, 5.729897E-4, 0.008510586, 0.007381237, 0.004874596, 1.2209678E-5
870, 0.0033725374, 0.008539585, 0.007704874, 0.0012819482, 0.0018752096, 1.7429607E-5, 0.005861372
871, 0.0019165056, 0.008614211, 7.7041367E-4, 0.0023145084, 0.0070296354, 0.008893633, 0.0016640641
872, 0.009780286, 0.0034704627, 0.006121092, 1.4653099E-4, 0.00544052, 0.006093439, 0.0031152926
873, 0.0017755044, 0.002056195, 0.0017383461, 6.882283E-4, 0.0086533325, 0.009426905, 0.0055104927
874, 0.0062489025, 0.0052247406, 0.0071903295, 0.008257899, 0.0023727303, 0.0026044524, 0.009809218
875, 0.003761399, 2.905345E-4, 0.0036274032, 0.007259374, 0.009085218, 0.006073321, 0.0021521167
876, 4.106387E-4, 0.0017797654, 0.007923787, 0.0017982246, 0.008383903, 0.0031849567, 0.0014327689
877, 0.0012619776, 0.0062706727, 0.007951598, 0.005918618, 0.005629009, 0.0055177454, 0.00607993
878, 0.009039751, 0.0056914845, 0.006008065, 0.005268634, 0.008755385, 1.7717328E-4, 0.008409831
879, 0.00817419, 0.0014067285, 0.009010861, 0.0077194725, 0.0012996659, 0.0022006852, 0.009253921
880, 0.004090085, 0.009663613, 0.009700372, 0.009205743, 0.005015473, 0.004143918, 0.009061523
881, 3.0111577E-4, 0.003730935, 0.006448082, 0.009701126, 9.0054865E-4, 0.0022954573, 3.054458E-5
882, 0.001844397, 8.459079E-4, 0.004235987, 0.003959315, 0.0029684545, 7.416331E-4, 8.629827E-4
883, 7.2830566E-4, 0.00954585, 0.0053221886, 0.007407442, 0.008318407, 0.0016883345, 0.005979302
884, 0.00998314, 0.00142949, 0.008301052, 0.0035479227, 0.002043806, 0.006737146, 0.008179573
885, 0.008787734, 0.0094835, 0.00227214, 0.008116986, 0.004647432, 0.006819461, 0.0015771643
886, 0.0025354945, 0.0013618866, 0.0030002005, 0.009164646, 4.1677456E-4, 0.0027076832, 0.0042976616
887, 0.0049809907, 0.00437756, 0.009330436, 0.0034707391, 0.0020767741, 0.0036217433, 0.002957651
888, 0.008928514, 0.0034890666, 0.007197502, 0.0035238229, 0.0049750325, 0.0014611791, 0.0064977566
889, 0.009759812, 0.004383505, 0.0045567816, 0.00626451, 0.0026364669, 0.0075263027, 0.0059694834
890, 0.0014923998, 2.0283651E-4, 0.008078139, 0.0093856, 0.0035740484, 0.0018221987, 0.003913359
891, 0.0071269684, 0.002789571, 0.009584539, 0.0032342502, 0.008982335, 0.005814861, 0.004761992
892, 1.95829E-4, 0.009129944, 0.00630804, 0.007574151, 0.0013335483, 0.002860637, 0.0038307267
893, 0.009243044, 0.00395391, 0.0044298708, 0.001370541, 0.006342971, 3.1396322E-4, 0.0022987518
894, 0.004553529, 0.008788268, 0.006894198, 0.008268273, 0.0062699593, 0.004452475, 0.00636035
895, 0.0025676207, 0.008884201, 0.0053752707, 9.1315823E-4, 0.007826537, 0.002459175, 0.0027889179
896, 0.009641117, 0.0010433772, 0.0014981091, 7.8386196E-4, 0.009219801, 0.004154627, 0.0045911274
897, 0.0013335198, 0.0068423375, 6.183056E-4, 0.0010514371, 0.0066111716, 0.0066191233, 0.0075427988
898, 0.006135662, 0.008057281, 0.0058509107, 3.2432558E-4, 0.0017651354, 0.0054934327, 0.005557877
899, 0.00950037, 0.0027997189, 0.0037294948, 4.3833445E-4, 0.007583062, 0.009862995, 0.008573485
900, 0.0070342342, 0.00700561, 0.008477433, 0.008929014, 0.005296646, 0.008996566, 8.404078E-4
901, 0.0067530773, 0.007972902, 0.0071908017, 9.567E-4, 0.0020473471, 0.004278106, 0.009092745
902, 0.0060403845, 0.005769017, 0.009167255, 0.0031265595, 0.0071087787, 0.009572632, 0.0071901716
903, 0.008939573, 0.009513378, 0.007632236, 3.900489E-4, 0.0038694418, 0.009787484, 0.0024435567
904, 0.002997335, 0.009042126, 0.008637488, 0.0034688334, 0.0017742736, 0.0044369386, 0.0011645395
905, 0.004762293, 0.009781385, 0.003436535, 0.004475601, 0.0053021614, 0.00306571, 0.003873886
906, 0.0097276475, 0.0036554958, 0.004311652, 0.0043948814, 3.460354E-4, 0.006815008, 0.0048487554
907, 0.0020743764, 6.6784536E-4, 0.0015724403, 0.006576801, 0.009655131, 0.009583244, 0.0056309514
908, 0.008347076, 0.00852322, 0.0018827033, 0.004809353, 0.0071297376, 0.0065901494, 0.005965151
909, 0.0021539356, 0.0029006547, 0.008621034, 3.219297E-4, 0.0045490037, 0.007597182, 2.2986592E-4
910, 0.0027836657, 0.002505142, 0.0027207844, 0.005756998, 0.0059019467, 0.009204617, 0.007205483
911, 0.004550651, 0.009034959, 0.005596208, 0.0070245904, 0.009793365, 0.002715999, 0.0093571665
912, 6.742278E-4, 0.008945969, 0.0037060475, 0.006877865, 1.5062194E-4, 0.0051257764, 0.009766355
913, 0.009075123, 0.0053292112, 0.004292366, 0.0016342521, 0.0038030525, 7.570879E-4, 0.003983435
914, 0.0059451675, 0.009905696, 0.0077863308, 0.005524857, 0.006916099, 5.4356863E-4, 0.0017042995
915, 0.003133223, 0.0064905533, 0.0063266647, 0.003057964, 1.357772E-4, 0.0023422216, 0.0019993307
916, 0.0047228765, 0.0046518026, 6.4445345E-4, 0.00394783, 0.0014333942, 0.004511155, 0.005834819
917, 0.009639294, 0.006469283, 0.0039297775, 0.0027388423, 0.0042511662, 9.84849E-4, 0.0025186755
918, 0.0073642507, 0.004213103, 0.005070256, 5.7197013E-4, 0.0014368383, 0.002158735, 0.0060507087
919, 0.003261287, 0.002321315, 0.002872527, 0.008757687, 3.5788014E-4, 0.004355289, 0.0052174153
920, 0.0045474516, 0.0074105277, 0.0098217735, 7.4175437E-4, 6.955226E-4, 0.008926388, 0.007795388
921, 0.005689521, 0.0094618965, 0.004033621, 0.0069196983, 0.009475598, 0.0066002365, 3.4875947E-4
922, 0.003807881, 0.009338362, 0.0023753077, 0.0023284075, 0.0022061882, 0.00784468, 0.0042564557
923, 0.0062540257, 0.009319438, 0.0071978183, 0.0093709165, 0.005180182, 0.0047700275, 0.0018866557
924, 0.00652928, 0.0036707865, 0.0045467373, 0.009114979, 0.0021764387, 0.0039544855, 0.0069968426
925, 0.0046625393, 0.0019748723, 0.0022495096, 4.2483796E-4, 3.5492177E-4, 0.009893128, 0.0064399266
926, 0.0021833247, 0.008157196, 0.009650879, 0.004029388, 0.007276391, 0.0050566825, 0.00916295
927, 0.0023550875, 4.43076E-4, 0.002363065, 0.0072282376, 0.0014138118, 0.009448264, 0.0028294907
928, 0.0031254224, 0.0033335793, 0.008880647, 0.00908616, 0.0040059467, 0.0015185237, 0.0031421282
929, 0.007278318, 0.0020156926, 0.0068013105, 0.004510324, 5.1344186E-4, 0.0029303432, 0.007556514
930, 0.0071655866, 0.0077478183, 7.554149E-4, 0.005660029, 8.962269E-4, 0.005080586, 0.008220463
931, 4.2372633E-4, 0.008830388, 0.008073708, 0.0013879845, 0.008191203, 0.001990289, 0.0056792432
932, 0.007701046, 0.006149626, 0.009724307, 0.0086306585, 7.0969836E-4, 0.005094295, 0.009144669
933, 0.007742831, 0.001444738, 0.007376703, 0.008583234, 4.6576108E-4, 0.005948398, 0.0030735075
934, 0.009775169, 0.007249932, 8.2506775E-4, 0.009532968, 9.900543E-4, 0.0028066186, 0.0038411608
935, 0.006887045, 0.008652214, 0.0011843538, 0.004581746, 0.0048615006, 0.0081268735, 0.007733144
936, 9.626056E-4, 0.004272967, 0.0052959546, 0.005490922, 9.998613E-4, 0.009971119, 0.009307141
937, 0.008302109, 0.005655364, 6.6568813E-4, 0.0034520638, 0.008066056, 0.0078045237, 0.0050722314
938, 0.0055142557, 0.008913518, 0.004414294, 0.0031171916, 0.00112478, 0.006822206, 0.003872534
939, 0.005561924, 0.00367319, 0.009207865, 0.008075986, 0.0053370176, 0.0021437665, 0.005365194
940, 0.009362623, 0.009122364, 0.0038817215, 0.0052833357, 0.0056651346, 0.008265087, 0.002741345
941, 0.0013235429, 0.0033658396, 0.003996564, 0.004327813, 0.004522021, 0.0062493263, 0.0030914273
942, 0.009116668, 0.0048688403, 6.776359E-4, 0.0066055767, 0.0011197181, 0.002814199, 0.00165382
943, 0.006136853, 0.0044633946, 0.0074662063, 0.0017932263, 0.009171189, 0.002755362, 0.0054697534
944, 0.0053878697, 0.0075086816, 0.006437425, 0.0033939236, 0.0027277716, 5.081669E-4, 0.001457577
945, 0.0056057847, 0.005634161, 0.007945529, 0.008541265, 0.0090713, 0.0037629534, 0.0056501166
946, 0.0061017345, 0.006299484, 0.0026529194, 7.652558E-4, 0.0014015766, 0.007733817, 0.008721506
947, 0.0024730335, 0.0039623557, 0.0052953265, 0.003452251, 0.008330123, 0.0024164834, 0.0094946325
948, 0.008871266, 0.0059805866, 0.0010052477, 0.0035556466, 0.009076287, 0.00494323, 0.004749184
949, 0.009331498, 0.00806029, 0.0034152146, 0.0029517394, 0.0014436637, 0.0023626834, 5.90282E-4
950, 2.0042799, 3.9582584, 0.008184632, 0.0058590854, 4.0749087, 0.008828013, 3.9466753
951, 2.0994408, 4.0827546, 0.0036792664, 0.006590312, 4.015347, 0.0053210068, 3.9947364
952, 2.059318, 3.900368, 0.0059811347, 0.0035879603, 4.0796385, 0.002149225, 3.9705539
953, 1.9352502, 4.076241, 4.84079E-4, 7.1987975E-4, 4.0182486, 0.008143339, 3.9504747
954, 1.9262351, 4.0807815, 1.9224659E-4, 0.0048581236, 4.0335703, 4.7884972E-4, 3.9498062
955, 2.0834162, 3.956464, 0.005839065, 0.0031213188, 3.943276, 0.0052833077, 4.08414
956, 2.0535228, 3.9045568, 0.0030285032, 0.008554672, 3.9305952, 0.0063023153, 3.966975
957, 2.0478466, 3.9659498, 0.0053227604, 0.0065017627, 4.042984, 0.0033529606, 3.9795105
958, 1.9101667, 4.0173807, 0.003841785, 0.0037841692, 3.9788043, 0.002817854, 3.983563
959, 1.9893029, 3.9915545, 0.003639928, 0.0015625325, 4.097728, 0.0053332765, 4.0287
960, 0.0059531983, 0.0021689076, 0.008881118, 0.003559028, 0.00749298, 0.005247999, 0.0078095593
961, 0.002069144, 0.009853256, 0.007655097, 0.0031939284, 0.00977619, 5.346779E-4, 0.008080666
962, 0.0055933106, 7.4232346E-4, 0.0077199256, 0.00882805, 0.0034779864, 0.009295243, 0.005283836
963, 0.0046613794, 0.0047826385, 0.006205509, 0.007228272, 0.0086207315, 0.006177924, 0.004300745
964, 0.0014126642, 7.8140467E-4, 0.008412768, 0.0025453584, 0.003867137, 0.009615816, 0.00765199
965, 0.007702272, 0.009203671, 0.00461068, 0.0021186657, 0.0030936021, 0.009681747, 0.003098738
966, 5.4786564E-4, 0.004690058, 0.005338471, 0.0038834948, 0.003968192, 0.0057842615, 2.5912217E-4
967, 0.005167011, 0.0051498003, 0.0028410603, 0.0055426843, 0.0045349738, 6.9235254E-4, 0.006768312
968, 0.007807837, 0.0043098945, 0.009173617, 0.0058144876, 0.0031884625, 0.006452429, 0.0050392025
969, 0.008574856, 6.8371784E-4, 0.007372449, 0.0019861595, 0.008175882, 0.0054562306, 0.004505643
970, 0.001477976, 0.0016078707, 0.002213015, 0.0033180595, 0.0017257371, 0.0013887917, 0.0011571895
971, 0.005520145, 0.009979991, 2.6757826E-4, 0.004164626, 0.0067034806, 0.006300139, 0.0035131183
972, 0.006818149, 0.004357542, 1.0290733E-4, 0.0074855275, 0.0027229304, 0.005280471, 0.0017387673
973, 0.007649186, 1.3025237E-4, 0.0047669695, 1.0488126E-4, 0.0039624237, 0.007312794, 0.008638076
974, 0.0038754658, 0.0066666035, 0.002363157, 0.0031717222, 0.008315201, 8.977826E-4, 0.0051283143
975, 0.0072996183, 0.0018385925, 0.004256975, 0.0038462277, 0.0060551283, 0.0064879474, 0.00750047
976, 0.0067168553, 0.0041884743, 0.004324911, 0.0048495308, 0.009118313, 0.0041097263, 0.00736525
977, 0.007069185, 4.6995305E-4, 0.0028766717, 0.002133857, 0.0074287327, 8.476582E-4, 0.008813816
978, 0.0011767029, 0.007931954, 0.0063726334, 0.009530399, 0.0029387383, 7.929212E-4, 0.0041235304
979, 0.009599436, 0.008301498, 0.008033693, 0.001862725, 0.007966472, 0.0067714453, 2.9306108E-4
980, 0.005221102, 0.0022758325, 0.007819843, 0.0044609103, 0.0051517105, 0.009733826, 0.003197215
981, 0.008590657, 0.0014411662, 0.0018724893, 0.00418022, 0.0016925957, 0.0038586974, 0.0036340915
982, 0.0036560278, 0.005473896, 0.0011262472, 0.0055657723, 0.006709056, 0.004866378, 0.009309054
983, 0.0015953239, 0.004947189, 0.004271075, 0.0054546604, 0.0038532557, 0.009189361, 0.006848997
984, 0.009349288, 3.1294435E-4, 0.0023336636, 0.0049003875, 0.0061140894, 6.397898E-4, 0.009234895
985, 4.0016454E-4, 0.0050297147, 5.7195144E-4, 0.003242724, 0.0060951216, 0.005456246, 0.005399377
986, 0.009686438, 0.009218866, 0.00900649, 0.008664474, 0.005039472, 0.0018433362, 0.008234168
987, 0.003076915, 0.0067567094, 0.0041611753, 0.0060145706, 0.006816719, 0.0028498014, 0.009581076
988, 0.0065237214, 0.009893869, 0.0021505097, 0.0034186423, 0.008263151, 0.00203939, 0.005909361
989, 1.781927E-4, 0.0019308705, 0.00572194, 0.008886646, 0.007946306, 0.0011051549, 0.0053156144
990, 0.00341508, 0.0022558272, 0.0016862777, 0.006188786, 0.0030481988, 0.0059294137, 0.0068323305
991, 0.005540477, 0.0033558216, 0.005874622, 0.0077287927, 1.7986368E-4, 0.006187702, 0.0025778937
992, 0.0069475276, 0.0051261857, 2.9872288E-4, 0.003132722, 3.7939788E-4, 9.0044807E-4, 0.0056137852
993, 0.0040376475, 0.0057657026, 0.006686961, 6.0778565E-4, 0.005712629, 7.0716836E-4, 0.0011618987
994, 0.0022858533, 0.0067077335, 6.952227E-4, 0.002717693, 0.006071283, 0.0019159702, 0.008188813
995, 0.006056229, 0.008543359, 0.0057524876, 0.007051034, 0.0026804395, 0.009414541, 0.008225245
996, 0.0027633556, 0.008683044, 3.962337E-4, 0.009097659, 0.007751248, 0.0044128196, 0.0076746545
997, 0.0029316132, 0.0028835216, 0.0070929118, 0.0016030355, 0.0056996164, 7.48717E-4, 0.009272374
998, 0.0019137136, 0.0018677812, 0.0036653895, 0.0031112197, 0.009263383, 0.009376683, 0.009549155
999, 0.0029309448, 0.004247083, 0.008785058, 0.0017378735, 0.0062065995, 0.0031512317, 0.0019916762
